backtracks,candidates,config_hash,difficulty,duplicates,experiment_id,failure_categories,final_state_hash,git_commit,initial_state_hash,input_tokens,max_depth,model,model_calls,nodes_expanded,nodes_generated,nodes_pruned,output_tokens,provider,recovered,retries,seed,stagnation_events,success,system,task_id,task_version,termination_reason,test_pass_rate,timestamp,token_estimate,total_tokens,trial_id,verification_calls,wall_time_seconds
0,1,becdb36d32785158c62b68fc83caa4973473bb5aad598425a772d4223aed0057,2,0,experiment_v1,[],aca950713e14b362,,e4187e2574c583c2,,1,mock://candidate-pool-v1,1,1,1,0,,deterministic-simulation,False,0,20260822,0,True,baseline,L2A_binary_search,1.0.0,SUCCESS,1.0,2026-08-22T17:22:13+0530,,,0,1,0.0691
0,1,becdb36d32785158c62b68fc83caa4973473bb5aad598425a772d4223aed0057,2,0,experiment_v1,[],aca950713e14b362,,e4187e2574c583c2,,0,mock://candidate-pool-v1,4,1,1,0,,deterministic-simulation,False,0,20260822,0,True,forgemind,L2A_binary_search,1.0.0,GOAL_ACCEPTED,1.0,2026-08-22T17:22:13+0530,18,,0,1,0.0589
0,1,becdb36d32785158c62b68fc83caa4973473bb5aad598425a772d4223aed0057,2,0,experiment_v1,['TEST_FAILURE'],9dbc487d9d8c1aad,,8953b305f1ff1343,,1,mock://candidate-pool-v1,1,1,1,0,,deterministic-simulation,False,0,20260822,0,False,baseline,L2B_fibonacci,1.0.0,VERIFICATION_FAILURE,0.0,2026-08-22T17:22:13+0530,,,0,1,0.0595
0,3,becdb36d32785158c62b68fc83caa4973473bb5aad598425a772d4223aed0057,2,0,experiment_v1,"['TEST_FAILURE', 'TEST_FAILURE']",bf6cba902407bfd6,,8953b305f1ff1343,,0,mock://candidate-pool-v1,6,1,3,0,,deterministic-simulation,False,2,20260822,0,True,forgemind,L2B_fibonacci,1.0.0,GOAL_ACCEPTED,1.0,2026-08-22T17:22:13+0530,18,,0,3,0.1874
0,1,becdb36d32785158c62b68fc83caa4973473bb5aad598425a772d4223aed0057,1,0,experiment_v1,[],f85c2811f8727725,,3f85da65a1907651,,1,mock://candidate-pool-v1,1,1,1,0,,deterministic-simulation,False,0,20260822,0,True,baseline,L1A_reverse_string,1.0.0,SUCCESS,1.0,2026-08-22T17:22:13+0530,,,0,1,0.0523
0,1,becdb36d32785158c62b68fc83caa4973473bb5aad598425a772d4223aed0057,1,0,experiment_v1,[],f85c2811f8727725,,3f85da65a1907651,,0,mock://candidate-pool-v1,4,1,1,0,,deterministic-simulation,False,0,20260822,0,True,forgemind,L1A_reverse_string,1.0.0,GOAL_ACCEPTED,1.0,2026-08-22T17:22:13+0530,18,,0,1,0.0581
0,1,becdb36d32785158c62b68fc83caa4973473bb5aad598425a772d4223aed0057,3,0,experiment_v1,['TEST_FAILURE'],e7aef6b5f472e9f7,,96d8325288418101,,1,mock://candidate-pool-v1,1,1,1,0,,deterministic-simulation,False,0,20260822,0,False,baseline,L3A_bank_account,1.0.0,VERIFICATION_FAILURE,0.5,2026-08-22T17:22:14+0530,,,0,1,0.0596
0,3,becdb36d32785158c62b68fc83caa4973473bb5aad598425a772d4223aed0057,3,0,experiment_v1,"['TEST_FAILURE', 'TEST_FAILURE']",1c392b3a7c19017d,,96d8325288418101,,0,mock://candidate-pool-v1,6,1,3,0,,deterministic-simulation,False,2,20260822,0,True,forgemind,L3A_bank_account,1.0.0,GOAL_ACCEPTED,1.0,2026-08-22T17:22:14+0530,18,,0,3,0.1862
0,1,becdb36d32785158c62b68fc83caa4973473bb5aad598425a772d4223aed0057,3,0,experiment_v1,['TEST_FAILURE'],56c3bf0a1e63c937,,4391fd0903bff667,,1,mock://candidate-pool-v1,1,1,1,0,,deterministic-simulation,False,0,20260822,0,False,baseline,L3B_lru_cache,1.0.0,VERIFICATION_FAILURE,0.3333333333333333,2026-08-22T17:22:14+0530,,,0,1,0.0606
0,3,becdb36d32785158c62b68fc83caa4973473bb5aad598425a772d4223aed0057,3,0,experiment_v1,"['TEST_FAILURE', 'TEST_FAILURE']",fae8f07a9f357d0e,,4391fd0903bff667,,0,mock://candidate-pool-v1,6,1,3,0,,deterministic-simulation,False,2,20260822,0,True,forgemind,L3B_lru_cache,1.0.0,GOAL_ACCEPTED,1.0,2026-08-22T17:22:14+0530,18,,0,3,0.1893
0,1,becdb36d32785158c62b68fc83caa4973473bb5aad598425a772d4223aed0057,2,0,experiment_v1,[],f6e3fb44e424279e,,2eb0d00dca51134f,,1,mock://candidate-pool-v1,1,1,1,0,,deterministic-simulation,False,0,20260822,0,True,baseline,L2C_roman_numerals,1.0.0,SUCCESS,1.0,2026-08-22T17:22:14+0530,,,0,1,0.0577
0,1,becdb36d32785158c62b68fc83caa4973473bb5aad598425a772d4223aed0057,2,0,experiment_v1,[],f6e3fb44e424279e,,2eb0d00dca51134f,,0,mock://candidate-pool-v1,4,1,1,0,,deterministic-simulation,False,0,20260822,0,True,forgemind,L2C_roman_numerals,1.0.0,GOAL_ACCEPTED,1.0,2026-08-22T17:22:14+0530,18,,0,1,0.0616
0,1,becdb36d32785158c62b68fc83caa4973473bb5aad598425a772d4223aed0057,3,0,experiment_v1,['TEST_FAILURE'],e21539f02cee8abb,,a0a93b79bfe5f03b,,1,mock://candidate-pool-v1,1,1,1,0,,deterministic-simulation,False,0,20260822,0,False,baseline,L3C_min_stack,1.0.0,VERIFICATION_FAILURE,0.75,2026-08-22T17:22:14+0530,,,0,1,0.2155
0,3,becdb36d32785158c62b68fc83caa4973473bb5aad598425a772d4223aed0057,3,0,experiment_v1,"['TEST_FAILURE', 'TEST_FAILURE']",d5177d9b6e903abb,,a0a93b79bfe5f03b,,0,mock://candidate-pool-v1,6,1,3,0,,deterministic-simulation,False,2,20260822,0,True,forgemind,L3C_min_stack,1.0.0,GOAL_ACCEPTED,1.0,2026-08-22T17:22:15+0530,18,,0,3,0.729
0,1,becdb36d32785158c62b68fc83caa4973473bb5aad598425a772d4223aed0057,1,0,experiment_v1,['TEST_FAILURE'],609147b4afca6c30,,7348aca2ab070c77,,1,mock://candidate-pool-v1,1,1,1,0,,deterministic-simulation,False,0,20260822,0,False,baseline,L1B_palindrome_number,1.0.0,VERIFICATION_FAILURE,0.75,2026-08-22T17:22:15+0530,,,0,1,0.0634
0,2,becdb36d32785158c62b68fc83caa4973473bb5aad598425a772d4223aed0057,1,0,experiment_v1,['TEST_FAILURE'],0e4cfe5715edf079,,7348aca2ab070c77,,0,mock://candidate-pool-v1,5,1,2,0,,deterministic-simulation,False,1,20260822,0,True,forgemind,L1B_palindrome_number,1.0.0,GOAL_ACCEPTED,1.0,2026-08-22T17:22:15+0530,18,,0,2,0.1151
0,1,becdb36d32785158c62b68fc83caa4973473bb5aad598425a772d4223aed0057,4,0,experiment_v1,[],5f5122dbfd5b78e2,,b8bd1ba8005c62b3,,1,mock://candidate-pool-v1,1,1,1,0,,deterministic-simulation,False,0,20260822,0,True,baseline,L4A_csv_module,1.0.0,SUCCESS,1.0,2026-08-22T17:22:15+0530,,,0,1,0.062
0,1,becdb36d32785158c62b68fc83caa4973473bb5aad598425a772d4223aed0057,4,0,experiment_v1,[],5f5122dbfd5b78e2,,b8bd1ba8005c62b3,,0,mock://candidate-pool-v1,4,1,1,0,,deterministic-simulation,False,0,20260822,0,True,forgemind,L4A_csv_module,1.0.0,GOAL_ACCEPTED,1.0,2026-08-22T17:22:15+0530,18,,0,1,0.0563
0,1,becdb36d32785158c62b68fc83caa4973473bb5aad598425a772d4223aed0057,2,0,experiment_v1,[],772e8de7afa30e71,,e4187e2574c583c2,,0,mock://candidate-pool-v1,4,1,1,0,,deterministic-simulation,False,0,20261799,0,True,forgemind,L2A_binary_search,1.0.0,GOAL_ACCEPTED,1.0,2026-08-22T17:22:15+0530,18,,1,2,0.1155
0,1,becdb36d32785158c62b68fc83caa4973473bb5aad598425a772d4223aed0057,2,0,experiment_v1,[],772e8de7afa30e71,,e4187e2574c583c2,,1,mock://candidate-pool-v1,1,1,1,0,,deterministic-simulation,False,0,20261799,0,True,baseline,L2A_binary_search,1.0.0,SUCCESS,1.0,2026-08-22T17:22:16+0530,,,1,1,0.067
0,1,becdb36d32785158c62b68fc83caa4973473bb5aad598425a772d4223aed0057,2,0,experiment_v1,[],bf6cba902407bfd6,,8953b305f1ff1343,,0,mock://candidate-pool-v1,4,1,1,0,,deterministic-simulation,False,0,20261799,0,True,forgemind,L2B_fibonacci,1.0.0,GOAL_ACCEPTED,1.0,2026-08-22T17:22:16+0530,18,,1,1,0.0541
0,1,becdb36d32785158c62b68fc83caa4973473bb5aad598425a772d4223aed0057,2,0,experiment_v1,[],bf6cba902407bfd6,,8953b305f1ff1343,,1,mock://candidate-pool-v1,1,1,1,0,,deterministic-simulation,False,0,20261799,0,True,baseline,L2B_fibonacci,1.0.0,SUCCESS,1.0,2026-08-22T17:22:16+0530,,,1,1,0.0555
0,1,becdb36d32785158c62b68fc83caa4973473bb5aad598425a772d4223aed0057,1,0,experiment_v1,[],d9279aae2281ccea,,3f85da65a1907651,,0,mock://candidate-pool-v1,4,1,1,0,,deterministic-simulation,False,0,20261799,0,True,forgemind,L1A_reverse_string,1.0.0,GOAL_ACCEPTED,1.0,2026-08-22T17:22:16+0530,18,,1,1,0.0621
0,1,becdb36d32785158c62b68fc83caa4973473bb5aad598425a772d4223aed0057,1,0,experiment_v1,[],d9279aae2281ccea,,3f85da65a1907651,,1,mock://candidate-pool-v1,1,1,1,0,,deterministic-simulation,False,0,20261799,0,True,baseline,L1A_reverse_string,1.0.0,SUCCESS,1.0,2026-08-22T17:22:16+0530,,,1,1,0.0554
0,1,becdb36d32785158c62b68fc83caa4973473bb5aad598425a772d4223aed0057,3,0,experiment_v1,[],1c392b3a7c19017d,,96d8325288418101,,0,mock://candidate-pool-v1,4,1,1,0,,deterministic-simulation,False,0,20261799,0,True,forgemind,L3A_bank_account,1.0.0,GOAL_ACCEPTED,1.0,2026-08-22T17:22:16+0530,18,,1,1,0.0555
0,1,becdb36d32785158c62b68fc83caa4973473bb5aad598425a772d4223aed0057,3,0,experiment_v1,[],1c392b3a7c19017d,,96d8325288418101,,1,mock://candidate-pool-v1,1,1,1,0,,deterministic-simulation,False,0,20261799,0,True,baseline,L3A_bank_account,1.0.0,SUCCESS,1.0,2026-08-22T17:22:16+0530,,,1,1,0.0587
0,1,becdb36d32785158c62b68fc83caa4973473bb5aad598425a772d4223aed0057,3,0,experiment_v1,[],fae8f07a9f357d0e,,4391fd0903bff667,,0,mock://candidate-pool-v1,4,1,1,0,,deterministic-simulation,False,0,20261799,0,True,forgemind,L3B_lru_cache,1.0.0,GOAL_ACCEPTED,1.0,2026-08-22T17:22:16+0530,18,,1,1,0.0544
0,1,becdb36d32785158c62b68fc83caa4973473bb5aad598425a772d4223aed0057,3,0,experiment_v1,[],fae8f07a9f357d0e,,4391fd0903bff667,,1,mock://candidate-pool-v1,1,1,1,0,,deterministic-simulation,False,0,20261799,0,True,baseline,L3B_lru_cache,1.0.0,SUCCESS,1.0,2026-08-22T17:22:16+0530,,,1,1,0.0543
0,1,becdb36d32785158c62b68fc83caa4973473bb5aad598425a772d4223aed0057,2,0,experiment_v1,[],f3035f25fcf50163,,2eb0d00dca51134f,,0,mock://candidate-pool-v1,4,1,1,0,,deterministic-simulation,False,0,20261799,0,True,forgemind,L2C_roman_numerals,1.0.0,GOAL_ACCEPTED,1.0,2026-08-22T17:22:16+0530,18,,1,1,0.0561
0,1,becdb36d32785158c62b68fc83caa4973473bb5aad598425a772d4223aed0057,2,0,experiment_v1,[],f3035f25fcf50163,,2eb0d00dca51134f,,1,mock://candidate-pool-v1,1,1,1,0,,deterministic-simulation,False,0,20261799,0,True,baseline,L2C_roman_numerals,1.0.0,SUCCESS,1.0,2026-08-22T17:22:16+0530,,,1,1,0.0598
0,1,becdb36d32785158c62b68fc83caa4973473bb5aad598425a772d4223aed0057,3,0,experiment_v1,[],d5177d9b6e903abb,,a0a93b79bfe5f03b,,0,mock://candidate-pool-v1,4,1,1,0,,deterministic-simulation,False,0,20261799,0,True,forgemind,L3C_min_stack,1.0.0,GOAL_ACCEPTED,1.0,2026-08-22T17:22:16+0530,18,,1,1,0.2159
0,1,becdb36d32785158c62b68fc83caa4973473bb5aad598425a772d4223aed0057,3,0,experiment_v1,[],d5177d9b6e903abb,,a0a93b79bfe5f03b,,1,mock://candidate-pool-v1,1,1,1,0,,deterministic-simulation,False,0,20261799,0,True,baseline,L3C_min_stack,1.0.0,SUCCESS,1.0,2026-08-22T17:22:17+0530,,,1,1,0.2157
0,1,becdb36d32785158c62b68fc83caa4973473bb5aad598425a772d4223aed0057,1,0,experiment_v1,[],8b0186b16a17fc3f,,7348aca2ab070c77,,0,mock://candidate-pool-v1,4,1,1,0,,deterministic-simulation,False,0,20261799,0,True,forgemind,L1B_palindrome_number,1.0.0,GOAL_ACCEPTED,1.0,2026-08-22T17:22:17+0530,18,,1,1,0.0558
0,1,becdb36d32785158c62b68fc83caa4973473bb5aad598425a772d4223aed0057,1,0,experiment_v1,[],8b0186b16a17fc3f,,7348aca2ab070c77,,1,mock://candidate-pool-v1,1,1,1,0,,deterministic-simulation,False,0,20261799,0,True,baseline,L1B_palindrome_number,1.0.0,SUCCESS,1.0,2026-08-22T17:22:17+0530,,,1,1,0.0607
0,1,becdb36d32785158c62b68fc83caa4973473bb5aad598425a772d4223aed0057,4,0,experiment_v1,[],3f881ee87b066145,,b8bd1ba8005c62b3,,0,mock://candidate-pool-v1,4,1,1,0,,deterministic-simulation,False,0,20261799,0,True,forgemind,L4A_csv_module,1.0.0,GOAL_ACCEPTED,1.0,2026-08-22T17:22:17+0530,18,,1,1,0.0581
0,1,becdb36d32785158c62b68fc83caa4973473bb5aad598425a772d4223aed0057,4,0,experiment_v1,[],3f881ee87b066145,,b8bd1ba8005c62b3,,1,mock://candidate-pool-v1,1,1,1,0,,deterministic-simulation,False,0,20261799,0,True,baseline,L4A_csv_module,1.0.0,SUCCESS,1.0,2026-08-22T17:22:17+0530,,,1,1,0.0552
0,1,becdb36d32785158c62b68fc83caa4973473bb5aad598425a772d4223aed0057,2,0,experiment_v1,['TEST_FAILURE'],4631de05a5d25d89,,e4187e2574c583c2,,1,mock://candidate-pool-v1,1,1,1,0,,deterministic-simulation,False,0,20262776,0,False,baseline,L2A_binary_search,1.0.0,VERIFICATION_FAILURE,0.8,2026-08-22T17:22:17+0530,,,2,1,0.0591
0,2,becdb36d32785158c62b68fc83caa4973473bb5aad598425a772d4223aed0057,2,0,experiment_v1,['TEST_FAILURE'],aca950713e14b362,,e4187e2574c583c2,,0,mock://candidate-pool-v1,4,1,2,0,,deterministic-simulation,False,1,20262776,0,True,forgemind,L2A_binary_search,1.0.0,GOAL_ACCEPTED,1.0,2026-08-22T17:22:17+0530,18,,2,3,0.1726
0,1,becdb36d32785158c62b68fc83caa4973473bb5aad598425a772d4223aed0057,2,0,experiment_v1,['TEST_FAILURE'],fc6b6803b63e04a6,,8953b305f1ff1343,,1,mock://candidate-pool-v1,1,1,1,0,,deterministic-simulation,False,0,20262776,0,False,baseline,L2B_fibonacci,1.0.0,VERIFICATION_FAILURE,0.0,2026-08-22T17:22:17+0530,,,2,1,0.0769
0,3,becdb36d32785158c62b68fc83caa4973473bb5aad598425a772d4223aed0057,2,0,experiment_v1,"['TEST_FAILURE', 'TEST_FAILURE']",bf6cba902407bfd6,,8953b305f1ff1343,,0,mock://candidate-pool-v1,6,1,3,0,,deterministic-simulation,False,2,20262776,0,True,forgemind,L2B_fibonacci,1.0.0,GOAL_ACCEPTED,1.0,2026-08-22T17:22:17+0530,18,,2,3,0.1793
0,1,becdb36d32785158c62b68fc83caa4973473bb5aad598425a772d4223aed0057,1,0,experiment_v1,['TEST_FAILURE'],54e57aef9809f69e,,3f85da65a1907651,,1,mock://candidate-pool-v1,1,1,1,0,,deterministic-simulation,False,0,20262776,0,False,baseline,L1A_reverse_string,1.0.0,VERIFICATION_FAILURE,0.0,2026-08-22T17:22:17+0530,,,2,1,0.0606
0,2,becdb36d32785158c62b68fc83caa4973473bb5aad598425a772d4223aed0057,1,0,experiment_v1,['TEST_FAILURE'],f85c2811f8727725,,3f85da65a1907651,,0,mock://candidate-pool-v1,5,1,2,0,,deterministic-simulation,False,1,20262776,0,True,forgemind,L1A_reverse_string,1.0.0,GOAL_ACCEPTED,1.0,2026-08-22T17:22:17+0530,18,,2,2,0.1167
0,1,becdb36d32785158c62b68fc83caa4973473bb5aad598425a772d4223aed0057,3,0,experiment_v1,['TEST_FAILURE'],1997873d8227888d,,96d8325288418101,,1,mock://candidate-pool-v1,1,1,1,0,,deterministic-simulation,False,0,20262776,0,False,baseline,L3A_bank_account,1.0.0,VERIFICATION_FAILURE,0.25,2026-08-22T17:22:18+0530,,,2,1,0.0659
0,3,becdb36d32785158c62b68fc83caa4973473bb5aad598425a772d4223aed0057,3,0,experiment_v1,"['TEST_FAILURE', 'TEST_FAILURE']",1c392b3a7c19017d,,96d8325288418101,,0,mock://candidate-pool-v1,6,1,3,0,,deterministic-simulation,False,2,20262776,0,True,forgemind,L3A_bank_account,1.0.0,GOAL_ACCEPTED,1.0,2026-08-22T17:22:18+0530,18,,2,3,0.1863
0,1,becdb36d32785158c62b68fc83caa4973473bb5aad598425a772d4223aed0057,3,0,experiment_v1,['TEST_FAILURE'],ed8a5e226099f252,,4391fd0903bff667,,1,mock://candidate-pool-v1,1,1,1,0,,deterministic-simulation,False,0,20262776,0,False,baseline,L3B_lru_cache,1.0.0,VERIFICATION_FAILURE,0.3333333333333333,2026-08-22T17:22:18+0530,,,2,1,0.0607
0,3,becdb36d32785158c62b68fc83caa4973473bb5aad598425a772d4223aed0057,3,0,experiment_v1,"['TEST_FAILURE', 'TEST_FAILURE']",fae8f07a9f357d0e,,4391fd0903bff667,,0,mock://candidate-pool-v1,6,1,3,0,,deterministic-simulation,False,2,20262776,0,True,forgemind,L3B_lru_cache,1.0.0,GOAL_ACCEPTED,1.0,2026-08-22T17:22:18+0530,18,,2,3,0.1828
0,1,becdb36d32785158c62b68fc83caa4973473bb5aad598425a772d4223aed0057,2,0,experiment_v1,['TEST_FAILURE'],71304e87ce8817fb,,2eb0d00dca51134f,,1,mock://candidate-pool-v1,1,1,1,0,,deterministic-simulation,False,0,20262776,0,False,baseline,L2C_roman_numerals,1.0.0,VERIFICATION_FAILURE,0.5,2026-08-22T17:22:18+0530,,,2,1,0.0569
0,2,becdb36d32785158c62b68fc83caa4973473bb5aad598425a772d4223aed0057,2,0,experiment_v1,['TEST_FAILURE'],f6e3fb44e424279e,,2eb0d00dca51134f,,0,mock://candidate-pool-v1,5,1,2,0,,deterministic-simulation,False,1,20262776,0,True,forgemind,L2C_roman_numerals,1.0.0,GOAL_ACCEPTED,1.0,2026-08-22T17:22:18+0530,18,,2,2,0.1234
0,1,becdb36d32785158c62b68fc83caa4973473bb5aad598425a772d4223aed0057,3,0,experiment_v1,['TEST_FAILURE'],f5b2a0b59b2feb71,,a0a93b79bfe5f03b,,1,mock://candidate-pool-v1,1,1,1,0,,deterministic-simulation,False,0,20262776,0,False,baseline,L3C_min_stack,1.0.0,VERIFICATION_FAILURE,0.25,2026-08-22T17:22:18+0530,,,2,1,0.2129
0,3,becdb36d32785158c62b68fc83caa4973473bb5aad598425a772d4223aed0057,3,0,experiment_v1,"['TEST_FAILURE', 'TEST_FAILURE']",d5177d9b6e903abb,,a0a93b79bfe5f03b,,0,mock://candidate-pool-v1,6,1,3,0,,deterministic-simulation,False,2,20262776,0,True,forgemind,L3C_min_stack,1.0.0,GOAL_ACCEPTED,1.0,2026-08-22T17:22:19+0530,18,,2,3,0.7679
0,1,becdb36d32785158c62b68fc83caa4973473bb5aad598425a772d4223aed0057,1,0,experiment_v1,[],0e4cfe5715edf079,,7348aca2ab070c77,,1,mock://candidate-pool-v1,1,1,1,0,,deterministic-simulation,False,0,20262776,0,True,baseline,L1B_palindrome_number,1.0.0,SUCCESS,1.0,2026-08-22T17:22:19+0530,,,2,1,0.0533
0,1,becdb36d32785158c62b68fc83caa4973473bb5aad598425a772d4223aed0057,1,0,experiment_v1,[],0e4cfe5715edf079,,7348aca2ab070c77,,0,mock://candidate-pool-v1,4,1,1,0,,deterministic-simulation,False,0,20262776,0,True,forgemind,L1B_palindrome_number,1.0.0,GOAL_ACCEPTED,1.0,2026-08-22T17:22:19+0530,18,,2,1,0.0523
0,1,becdb36d32785158c62b68fc83caa4973473bb5aad598425a772d4223aed0057,4,0,experiment_v1,['TEST_FAILURE'],210a268832512d60,,b8bd1ba8005c62b3,,1,mock://candidate-pool-v1,1,1,1,0,,deterministic-simulation,False,0,20262776,0,False,baseline,L4A_csv_module,1.0.0,VERIFICATION_FAILURE,0.3333333333333333,2026-08-22T17:22:19+0530,,,2,1,0.0644
0,2,becdb36d32785158c62b68fc83caa4973473bb5aad598425a772d4223aed0057,4,0,experiment_v1,['TEST_FAILURE'],5f5122dbfd5b78e2,,b8bd1ba8005c62b3,,0,mock://candidate-pool-v1,5,1,2,0,,deterministic-simulation,False,1,20262776,0,True,forgemind,L4A_csv_module,1.0.0,GOAL_ACCEPTED,1.0,2026-08-22T17:22:19+0530,18,,2,2,0.1126
0,1,becdb36d32785158c62b68fc83caa4973473bb5aad598425a772d4223aed0057,2,0,experiment_v1,[],772e8de7afa30e71,,e4187e2574c583c2,,0,mock://candidate-pool-v1,4,1,1,0,,deterministic-simulation,False,0,20263753,0,True,forgemind,L2A_binary_search,1.0.0,GOAL_ACCEPTED,1.0,2026-08-22T17:22:20+0530,18,,3,2,0.1288
0,1,becdb36d32785158c62b68fc83caa4973473bb5aad598425a772d4223aed0057,2,0,experiment_v1,[],772e8de7afa30e71,,e4187e2574c583c2,,1,mock://candidate-pool-v1,1,1,1,0,,deterministic-simulation,False,0,20263753,0,True,baseline,L2A_binary_search,1.0.0,SUCCESS,1.0,2026-08-22T17:22:20+0530,,,3,1,0.0533
0,1,becdb36d32785158c62b68fc83caa4973473bb5aad598425a772d4223aed0057,2,0,experiment_v1,[],bf6cba902407bfd6,,8953b305f1ff1343,,0,mock://candidate-pool-v1,4,1,1,0,,deterministic-simulation,False,0,20263753,0,True,forgemind,L2B_fibonacci,1.0.0,GOAL_ACCEPTED,1.0,2026-08-22T17:22:20+0530,18,,3,1,0.0532
0,1,becdb36d32785158c62b68fc83caa4973473bb5aad598425a772d4223aed0057,2,0,experiment_v1,[],bf6cba902407bfd6,,8953b305f1ff1343,,1,mock://candidate-pool-v1,1,1,1,0,,deterministic-simulation,False,0,20263753,0,True,baseline,L2B_fibonacci,1.0.0,SUCCESS,1.0,2026-08-22T17:22:20+0530,,,3,1,0.0641
0,1,becdb36d32785158c62b68fc83caa4973473bb5aad598425a772d4223aed0057,1,0,experiment_v1,[],d9279aae2281ccea,,3f85da65a1907651,,0,mock://candidate-pool-v1,4,1,1,0,,deterministic-simulation,False,0,20263753,0,True,forgemind,L1A_reverse_string,1.0.0,GOAL_ACCEPTED,1.0,2026-08-22T17:22:20+0530,18,,3,1,0.0523
0,1,becdb36d32785158c62b68fc83caa4973473bb5aad598425a772d4223aed0057,1,0,experiment_v1,[],d9279aae2281ccea,,3f85da65a1907651,,1,mock://candidate-pool-v1,1,1,1,0,,deterministic-simulation,False,0,20263753,0,True,baseline,L1A_reverse_string,1.0.0,SUCCESS,1.0,2026-08-22T17:22:20+0530,,,3,1,0.0519
0,1,becdb36d32785158c62b68fc83caa4973473bb5aad598425a772d4223aed0057,3,0,experiment_v1,[],1c392b3a7c19017d,,96d8325288418101,,0,mock://candidate-pool-v1,4,1,1,0,,deterministic-simulation,False,0,20263753,0,True,forgemind,L3A_bank_account,1.0.0,GOAL_ACCEPTED,1.0,2026-08-22T17:22:20+0530,18,,3,1,0.0591
0,1,becdb36d32785158c62b68fc83caa4973473bb5aad598425a772d4223aed0057,3,0,experiment_v1,[],1c392b3a7c19017d,,96d8325288418101,,1,mock://candidate-pool-v1,1,1,1,0,,deterministic-simulation,False,0,20263753,0,True,baseline,L3A_bank_account,1.0.0,SUCCESS,1.0,2026-08-22T17:22:20+0530,,,3,1,0.054
0,1,becdb36d32785158c62b68fc83caa4973473bb5aad598425a772d4223aed0057,3,0,experiment_v1,[],fae8f07a9f357d0e,,4391fd0903bff667,,0,mock://candidate-pool-v1,4,1,1,0,,deterministic-simulation,False,0,20263753,0,True,forgemind,L3B_lru_cache,1.0.0,GOAL_ACCEPTED,1.0,2026-08-22T17:22:20+0530,18,,3,1,0.0547
0,1,becdb36d32785158c62b68fc83caa4973473bb5aad598425a772d4223aed0057,3,0,experiment_v1,[],fae8f07a9f357d0e,,4391fd0903bff667,,1,mock://candidate-pool-v1,1,1,1,0,,deterministic-simulation,False,0,20263753,0,True,baseline,L3B_lru_cache,1.0.0,SUCCESS,1.0,2026-08-22T17:22:20+0530,,,3,1,0.0534
0,1,becdb36d32785158c62b68fc83caa4973473bb5aad598425a772d4223aed0057,2,0,experiment_v1,[],f3035f25fcf50163,,2eb0d00dca51134f,,0,mock://candidate-pool-v1,4,1,1,0,,deterministic-simulation,False,0,20263753,0,True,forgemind,L2C_roman_numerals,1.0.0,GOAL_ACCEPTED,1.0,2026-08-22T17:22:20+0530,18,,3,1,0.0604
0,1,becdb36d32785158c62b68fc83caa4973473bb5aad598425a772d4223aed0057,2,0,experiment_v1,[],f3035f25fcf50163,,2eb0d00dca51134f,,1,mock://candidate-pool-v1,1,1,1,0,,deterministic-simulation,False,0,20263753,0,True,baseline,L2C_roman_numerals,1.0.0,SUCCESS,1.0,2026-08-22T17:22:20+0530,,,3,1,0.052
0,1,becdb36d32785158c62b68fc83caa4973473bb5aad598425a772d4223aed0057,3,0,experiment_v1,[],d5177d9b6e903abb,,a0a93b79bfe5f03b,,0,mock://candidate-pool-v1,4,1,1,0,,deterministic-simulation,False,0,20263753,0,True,forgemind,L3C_min_stack,1.0.0,GOAL_ACCEPTED,1.0,2026-08-22T17:22:20+0530,18,,3,1,0.2095
0,1,becdb36d32785158c62b68fc83caa4973473bb5aad598425a772d4223aed0057,3,0,experiment_v1,[],d5177d9b6e903abb,,a0a93b79bfe5f03b,,1,mock://candidate-pool-v1,1,1,1,0,,deterministic-simulation,False,0,20263753,0,True,baseline,L3C_min_stack,1.0.0,SUCCESS,1.0,2026-08-22T17:22:21+0530,,,3,1,0.2229
0,1,becdb36d32785158c62b68fc83caa4973473bb5aad598425a772d4223aed0057,1,0,experiment_v1,[],8b0186b16a17fc3f,,7348aca2ab070c77,,0,mock://candidate-pool-v1,4,1,1,0,,deterministic-simulation,False,0,20263753,0,True,forgemind,L1B_palindrome_number,1.0.0,GOAL_ACCEPTED,1.0,2026-08-22T17:22:21+0530,18,,3,1,0.0579
0,1,becdb36d32785158c62b68fc83caa4973473bb5aad598425a772d4223aed0057,1,0,experiment_v1,[],8b0186b16a17fc3f,,7348aca2ab070c77,,1,mock://candidate-pool-v1,1,1,1,0,,deterministic-simulation,False,0,20263753,0,True,baseline,L1B_palindrome_number,1.0.0,SUCCESS,1.0,2026-08-22T17:22:21+0530,,,3,1,0.0773
0,1,becdb36d32785158c62b68fc83caa4973473bb5aad598425a772d4223aed0057,4,0,experiment_v1,[],3f881ee87b066145,,b8bd1ba8005c62b3,,0,mock://candidate-pool-v1,4,1,1,0,,deterministic-simulation,False,0,20263753,0,True,forgemind,L4A_csv_module,1.0.0,GOAL_ACCEPTED,1.0,2026-08-22T17:22:21+0530,18,,3,1,0.0564
0,1,becdb36d32785158c62b68fc83caa4973473bb5aad598425a772d4223aed0057,4,0,experiment_v1,[],3f881ee87b066145,,b8bd1ba8005c62b3,,1,mock://candidate-pool-v1,1,1,1,0,,deterministic-simulation,False,0,20263753,0,True,baseline,L4A_csv_module,1.0.0,SUCCESS,1.0,2026-08-22T17:22:21+0530,,,3,1,0.0913
0,1,becdb36d32785158c62b68fc83caa4973473bb5aad598425a772d4223aed0057,2,0,experiment_v1,[],772e8de7afa30e71,,e4187e2574c583c2,,1,mock://candidate-pool-v1,1,1,1,0,,deterministic-simulation,False,0,20264730,0,True,baseline,L2A_binary_search,1.0.0,SUCCESS,1.0,2026-08-22T17:22:21+0530,,,4,1,0.062
0,1,becdb36d32785158c62b68fc83caa4973473bb5aad598425a772d4223aed0057,2,0,experiment_v1,[],772e8de7afa30e71,,e4187e2574c583c2,,0,mock://candidate-pool-v1,4,1,1,0,,deterministic-simulation,False,0,20264730,0,True,forgemind,L2A_binary_search,1.0.0,GOAL_ACCEPTED,1.0,2026-08-22T17:22:21+0530,18,,4,2,0.1358
0,1,becdb36d32785158c62b68fc83caa4973473bb5aad598425a772d4223aed0057,2,0,experiment_v1,[],bf6cba902407bfd6,,8953b305f1ff1343,,1,mock://candidate-pool-v1,1,1,1,0,,deterministic-simulation,False,0,20264730,0,True,baseline,L2B_fibonacci,1.0.0,SUCCESS,1.0,2026-08-22T17:22:21+0530,,,4,1,0.0624
0,1,becdb36d32785158c62b68fc83caa4973473bb5aad598425a772d4223aed0057,2,0,experiment_v1,[],bf6cba902407bfd6,,8953b305f1ff1343,,0,mock://candidate-pool-v1,4,1,1,0,,deterministic-simulation,False,0,20264730,0,True,forgemind,L2B_fibonacci,1.0.0,GOAL_ACCEPTED,1.0,2026-08-22T17:22:21+0530,18,,4,1,0.0661
0,1,becdb36d32785158c62b68fc83caa4973473bb5aad598425a772d4223aed0057,1,0,experiment_v1,[],d9279aae2281ccea,,3f85da65a1907651,,1,mock://candidate-pool-v1,1,1,1,0,,deterministic-simulation,False,0,20264730,0,True,baseline,L1A_reverse_string,1.0.0,SUCCESS,1.0,2026-08-22T17:22:21+0530,,,4,1,0.0739
0,1,becdb36d32785158c62b68fc83caa4973473bb5aad598425a772d4223aed0057,1,0,experiment_v1,[],d9279aae2281ccea,,3f85da65a1907651,,0,mock://candidate-pool-v1,4,1,1,0,,deterministic-simulation,False,0,20264730,0,True,forgemind,L1A_reverse_string,1.0.0,GOAL_ACCEPTED,1.0,2026-08-22T17:22:21+0530,18,,4,1,0.0529
0,1,becdb36d32785158c62b68fc83caa4973473bb5aad598425a772d4223aed0057,3,0,experiment_v1,[],1c392b3a7c19017d,,96d8325288418101,,1,mock://candidate-pool-v1,1,1,1,0,,deterministic-simulation,False,0,20264730,0,True,baseline,L3A_bank_account,1.0.0,SUCCESS,1.0,2026-08-22T17:22:21+0530,,,4,1,0.0545
0,1,becdb36d32785158c62b68fc83caa4973473bb5aad598425a772d4223aed0057,3,0,experiment_v1,[],1c392b3a7c19017d,,96d8325288418101,,0,mock://candidate-pool-v1,4,1,1,0,,deterministic-simulation,False,0,20264730,0,True,forgemind,L3A_bank_account,1.0.0,GOAL_ACCEPTED,1.0,2026-08-22T17:22:22+0530,18,,4,1,0.059
0,1,becdb36d32785158c62b68fc83caa4973473bb5aad598425a772d4223aed0057,3,0,experiment_v1,[],fae8f07a9f357d0e,,4391fd0903bff667,,1,mock://candidate-pool-v1,1,1,1,0,,deterministic-simulation,False,0,20264730,0,True,baseline,L3B_lru_cache,1.0.0,SUCCESS,1.0,2026-08-22T17:22:22+0530,,,4,1,0.0567
0,1,becdb36d32785158c62b68fc83caa4973473bb5aad598425a772d4223aed0057,3,0,experiment_v1,[],fae8f07a9f357d0e,,4391fd0903bff667,,0,mock://candidate-pool-v1,4,1,1,0,,deterministic-simulation,False,0,20264730,0,True,forgemind,L3B_lru_cache,1.0.0,GOAL_ACCEPTED,1.0,2026-08-22T17:22:22+0530,18,,4,1,0.0548
0,1,becdb36d32785158c62b68fc83caa4973473bb5aad598425a772d4223aed0057,2,0,experiment_v1,[],f3035f25fcf50163,,2eb0d00dca51134f,,1,mock://candidate-pool-v1,1,1,1,0,,deterministic-simulation,False,0,20264730,0,True,baseline,L2C_roman_numerals,1.0.0,SUCCESS,1.0,2026-08-22T17:22:22+0530,,,4,1,0.0527
0,1,becdb36d32785158c62b68fc83caa4973473bb5aad598425a772d4223aed0057,2,0,experiment_v1,[],f3035f25fcf50163,,2eb0d00dca51134f,,0,mock://candidate-pool-v1,4,1,1,0,,deterministic-simulation,False,0,20264730,0,True,forgemind,L2C_roman_numerals,1.0.0,GOAL_ACCEPTED,1.0,2026-08-22T17:22:22+0530,18,,4,1,0.0661
0,1,becdb36d32785158c62b68fc83caa4973473bb5aad598425a772d4223aed0057,3,0,experiment_v1,[],d5177d9b6e903abb,,a0a93b79bfe5f03b,,1,mock://candidate-pool-v1,1,1,1,0,,deterministic-simulation,False,0,20264730,0,True,baseline,L3C_min_stack,1.0.0,SUCCESS,1.0,2026-08-22T17:22:22+0530,,,4,1,0.2113
0,1,becdb36d32785158c62b68fc83caa4973473bb5aad598425a772d4223aed0057,3,0,experiment_v1,[],d5177d9b6e903abb,,a0a93b79bfe5f03b,,0,mock://candidate-pool-v1,4,1,1,0,,deterministic-simulation,False,0,20264730,0,True,forgemind,L3C_min_stack,1.0.0,GOAL_ACCEPTED,1.0,2026-08-22T17:22:22+0530,18,,4,1,0.2134
0,1,becdb36d32785158c62b68fc83caa4973473bb5aad598425a772d4223aed0057,1,0,experiment_v1,[],8b0186b16a17fc3f,,7348aca2ab070c77,,1,mock://candidate-pool-v1,1,1,1,0,,deterministic-simulation,False,0,20264730,0,True,baseline,L1B_palindrome_number,1.0.0,SUCCESS,1.0,2026-08-22T17:22:22+0530,,,4,1,0.0527
0,1,becdb36d32785158c62b68fc83caa4973473bb5aad598425a772d4223aed0057,1,0,experiment_v1,[],8b0186b16a17fc3f,,7348aca2ab070c77,,0,mock://candidate-pool-v1,4,1,1,0,,deterministic-simulation,False,0,20264730,0,True,forgemind,L1B_palindrome_number,1.0.0,GOAL_ACCEPTED,1.0,2026-08-22T17:22:22+0530,18,,4,1,0.0538
0,1,becdb36d32785158c62b68fc83caa4973473bb5aad598425a772d4223aed0057,4,0,experiment_v1,[],3f881ee87b066145,,b8bd1ba8005c62b3,,1,mock://candidate-pool-v1,1,1,1,0,,deterministic-simulation,False,0,20264730,0,True,baseline,L4A_csv_module,1.0.0,SUCCESS,1.0,2026-08-22T17:22:22+0530,,,4,1,0.0605
0,1,becdb36d32785158c62b68fc83caa4973473bb5aad598425a772d4223aed0057,4,0,experiment_v1,[],3f881ee87b066145,,b8bd1ba8005c62b3,,0,mock://candidate-pool-v1,4,1,1,0,,deterministic-simulation,False,0,20264730,0,True,forgemind,L4A_csv_module,1.0.0,GOAL_ACCEPTED,1.0,2026-08-22T17:22:22+0530,18,,4,1,0.0538
0,1,becdb36d32785158c62b68fc83caa4973473bb5aad598425a772d4223aed0057,1,0,experiment_v1,['TEST_FAILURE'],54e57aef9809f69e,,3f85da65a1907651,,1,mock://candidate-pool-v1,1,1,1,0,,deterministic-simulation,False,0,20360822,0,False,abl_baseline,L1A_reverse_string,1.0.0,VERIFICATION_FAILURE,0.0,2026-08-22T17:22:22+0530,,,0,1,0.0586
0,1,becdb36d32785158c62b68fc83caa4973473bb5aad598425a772d4223aed0057,1,0,experiment_v1,"['TEST_FAILURE', 'TEST_FAILURE']",f85c2811f8727725,,3f85da65a1907651,,1,mock://candidate-pool-v1,1,1,1,0,,deterministic-simulation,False,0,20360822,0,True,abl_iterative,L1A_reverse_string,1.0.0,SUCCESS,1.0,2026-08-22T17:22:23+0530,,,0,3,0.1759
0,2,becdb36d32785158c62b68fc83caa4973473bb5aad598425a772d4223aed0057,1,0,experiment_v1,['TEST_FAILURE'],f85c2811f8727725,,3f85da65a1907651,,0,mock://candidate-pool-v1,3,1,2,0,,deterministic-simulation,False,1,20360822,0,True,abl_beam,L1A_reverse_string,1.0.0,GOAL_ACCEPTED,1.0,2026-08-22T17:22:23+0530,18,,0,2,0.1193
0,2,becdb36d32785158c62b68fc83caa4973473bb5aad598425a772d4223aed0057,1,0,experiment_v1,['TEST_FAILURE'],f85c2811f8727725,,3f85da65a1907651,,0,mock://candidate-pool-v1,4,1,2,0,,deterministic-simulation,False,1,20360822,0,True,abl_beam_backtrack,L1A_reverse_string,1.0.0,GOAL_ACCEPTED,1.0,2026-08-22T17:22:23+0530,18,,0,2,0.1132
0,2,becdb36d32785158c62b68fc83caa4973473bb5aad598425a772d4223aed0057,1,0,experiment_v1,['TEST_FAILURE'],f85c2811f8727725,,3f85da65a1907651,,0,mock://candidate-pool-v1,5,1,2,0,,deterministic-simulation,False,1,20360822,0,True,abl_full,L1A_reverse_string,1.0.0,GOAL_ACCEPTED,1.0,2026-08-22T17:22:23+0530,18,,0,2,0.1172
0,1,becdb36d32785158c62b68fc83caa4973473bb5aad598425a772d4223aed0057,1,0,experiment_v1,[],0e4cfe5715edf079,,7348aca2ab070c77,,1,mock://candidate-pool-v1,1,1,1,0,,deterministic-simulation,False,0,20360822,0,True,abl_baseline,L1B_palindrome_number,1.0.0,SUCCESS,1.0,2026-08-22T17:22:23+0530,,,0,1,0.0518
0,1,becdb36d32785158c62b68fc83caa4973473bb5aad598425a772d4223aed0057,1,0,experiment_v1,[],0e4cfe5715edf079,,7348aca2ab070c77,,1,mock://candidate-pool-v1,1,1,1,0,,deterministic-simulation,False,0,20360822,0,True,abl_iterative,L1B_palindrome_number,1.0.0,SUCCESS,1.0,2026-08-22T17:22:23+0530,,,0,1,0.0557
0,1,becdb36d32785158c62b68fc83caa4973473bb5aad598425a772d4223aed0057,1,0,experiment_v1,[],0e4cfe5715edf079,,7348aca2ab070c77,,0,mock://candidate-pool-v1,2,1,1,0,,deterministic-simulation,False,0,20360822,0,True,abl_beam,L1B_palindrome_number,1.0.0,GOAL_ACCEPTED,1.0,2026-08-22T17:22:23+0530,18,,0,1,0.0565
0,1,becdb36d32785158c62b68fc83caa4973473bb5aad598425a772d4223aed0057,1,0,experiment_v1,[],0e4cfe5715edf079,,7348aca2ab070c77,,0,mock://candidate-pool-v1,3,1,1,0,,deterministic-simulation,False,0,20360822,0,True,abl_beam_backtrack,L1B_palindrome_number,1.0.0,GOAL_ACCEPTED,1.0,2026-08-22T17:22:23+0530,18,,0,1,0.0521
0,1,becdb36d32785158c62b68fc83caa4973473bb5aad598425a772d4223aed0057,1,0,experiment_v1,[],0e4cfe5715edf079,,7348aca2ab070c77,,0,mock://candidate-pool-v1,4,1,1,0,,deterministic-simulation,False,0,20360822,0,True,abl_full,L1B_palindrome_number,1.0.0,GOAL_ACCEPTED,1.0,2026-08-22T17:22:23+0530,18,,0,1,0.0534
0,1,becdb36d32785158c62b68fc83caa4973473bb5aad598425a772d4223aed0057,2,0,experiment_v1,['TEST_FAILURE'],4631de05a5d25d89,,e4187e2574c583c2,,1,mock://candidate-pool-v1,1,1,1,0,,deterministic-simulation,False,0,20360822,0,False,abl_baseline,L2A_binary_search,1.0.0,VERIFICATION_FAILURE,0.8,2026-08-22T17:22:23+0530,,,0,1,0.0657
0,1,becdb36d32785158c62b68fc83caa4973473bb5aad598425a772d4223aed0057,2,0,experiment_v1,"['TEST_FAILURE', 'TEST_FAILURE']",aca950713e14b362,,e4187e2574c583c2,,1,mock://candidate-pool-v1,1,1,1,0,,deterministic-simulation,False,0,20360822,0,True,abl_iterative,L2A_binary_search,1.0.0,SUCCESS,1.0,2026-08-22T17:22:24+0530,,,0,3,0.1756
0,2,becdb36d32785158c62b68fc83caa4973473bb5aad598425a772d4223aed0057,2,0,experiment_v1,['TEST_FAILURE'],aca950713e14b362,,e4187e2574c583c2,,0,mock://candidate-pool-v1,3,1,2,0,,deterministic-simulation,False,1,20360822,0,True,abl_beam,L2A_binary_search,1.0.0,GOAL_ACCEPTED,1.0,2026-08-22T17:22:24+0530,18,,0,2,0.118
0,2,becdb36d32785158c62b68fc83caa4973473bb5aad598425a772d4223aed0057,2,0,experiment_v1,['TEST_FAILURE'],aca950713e14b362,,e4187e2574c583c2,,0,mock://candidate-pool-v1,3,1,2,0,,deterministic-simulation,False,1,20360822,0,True,abl_beam_backtrack,L2A_binary_search,1.0.0,GOAL_ACCEPTED,1.0,2026-08-22T17:22:24+0530,18,,0,3,0.1871
0,2,becdb36d32785158c62b68fc83caa4973473bb5aad598425a772d4223aed0057,2,0,experiment_v1,['TEST_FAILURE'],aca950713e14b362,,e4187e2574c583c2,,0,mock://candidate-pool-v1,4,1,2,0,,deterministic-simulation,False,1,20360822,0,True,abl_full,L2A_binary_search,1.0.0,GOAL_ACCEPTED,1.0,2026-08-22T17:22:24+0530,18,,0,3,0.1795
0,1,becdb36d32785158c62b68fc83caa4973473bb5aad598425a772d4223aed0057,2,0,experiment_v1,['TEST_FAILURE'],fc6b6803b63e04a6,,8953b305f1ff1343,,1,mock://candidate-pool-v1,1,1,1,0,,deterministic-simulation,False,0,20360822,0,False,abl_baseline,L2B_fibonacci,1.0.0,VERIFICATION_FAILURE,0.0,2026-08-22T17:22:24+0530,,,0,1,0.0619
0,1,becdb36d32785158c62b68fc83caa4973473bb5aad598425a772d4223aed0057,2,0,experiment_v1,"['TEST_FAILURE', 'TEST_FAILURE', 'TEST_FAILURE']",9dbc487d9d8c1aad,,8953b305f1ff1343,,1,mock://candidate-pool-v1,1,1,1,0,,deterministic-simulation,False,0,20360822,0,False,abl_iterative,L2B_fibonacci,1.0.0,REPAIRS_EXHAUSTED,0.0,2026-08-22T17:22:24+0530,,,0,3,0.1896
0,3,becdb36d32785158c62b68fc83caa4973473bb5aad598425a772d4223aed0057,2,0,experiment_v1,"['TEST_FAILURE', 'TEST_FAILURE']",bf6cba902407bfd6,,8953b305f1ff1343,,0,mock://candidate-pool-v1,4,1,3,0,,deterministic-simulation,False,2,20360822,0,True,abl_beam,L2B_fibonacci,1.0.0,GOAL_ACCEPTED,1.0,2026-08-22T17:22:24+0530,18,,0,3,0.1837
0,3,becdb36d32785158c62b68fc83caa4973473bb5aad598425a772d4223aed0057,2,0,experiment_v1,"['TEST_FAILURE', 'TEST_FAILURE']",bf6cba902407bfd6,,8953b305f1ff1343,,0,mock://candidate-pool-v1,5,1,3,0,,deterministic-simulation,False,2,20360822,0,True,abl_beam_backtrack,L2B_fibonacci,1.0.0,GOAL_ACCEPTED,1.0,2026-08-22T17:22:25+0530,18,,0,3,0.1844
0,3,becdb36d32785158c62b68fc83caa4973473bb5aad598425a772d4223aed0057,2,0,experiment_v1,"['TEST_FAILURE', 'TEST_FAILURE']",bf6cba902407bfd6,,8953b305f1ff1343,,0,mock://candidate-pool-v1,6,1,3,0,,deterministic-simulation,False,2,20360822,0,True,abl_full,L2B_fibonacci,1.0.0,GOAL_ACCEPTED,1.0,2026-08-22T17:22:25+0530,18,,0,3,0.1843
0,1,becdb36d32785158c62b68fc83caa4973473bb5aad598425a772d4223aed0057,2,0,experiment_v1,['TEST_FAILURE'],71304e87ce8817fb,,2eb0d00dca51134f,,1,mock://candidate-pool-v1,1,1,1,0,,deterministic-simulation,False,0,20360822,0,False,abl_baseline,L2C_roman_numerals,1.0.0,VERIFICATION_FAILURE,0.5,2026-08-22T17:22:25+0530,,,0,1,0.0604
0,1,becdb36d32785158c62b68fc83caa4973473bb5aad598425a772d4223aed0057,2,0,experiment_v1,"['TEST_FAILURE', 'TEST_FAILURE']",f6e3fb44e424279e,,2eb0d00dca51134f,,1,mock://candidate-pool-v1,1,1,1,0,,deterministic-simulation,False,0,20360822,0,True,abl_iterative,L2C_roman_numerals,1.0.0,SUCCESS,1.0,2026-08-22T17:22:25+0530,,,0,3,0.2185
0,2,becdb36d32785158c62b68fc83caa4973473bb5aad598425a772d4223aed0057,2,0,experiment_v1,['TEST_FAILURE'],f6e3fb44e424279e,,2eb0d00dca51134f,,0,mock://candidate-pool-v1,3,1,2,0,,deterministic-simulation,False,1,20360822,0,True,abl_beam,L2C_roman_numerals,1.0.0,GOAL_ACCEPTED,1.0,2026-08-22T17:22:25+0530,18,,0,2,0.1432
0,2,becdb36d32785158c62b68fc83caa4973473bb5aad598425a772d4223aed0057,2,0,experiment_v1,['TEST_FAILURE'],f6e3fb44e424279e,,2eb0d00dca51134f,,0,mock://candidate-pool-v1,4,1,2,0,,deterministic-simulation,False,1,20360822,0,True,abl_beam_backtrack,L2C_roman_numerals,1.0.0,GOAL_ACCEPTED,1.0,2026-08-22T17:22:25+0530,18,,0,2,0.1493
0,2,becdb36d32785158c62b68fc83caa4973473bb5aad598425a772d4223aed0057,2,0,experiment_v1,['TEST_FAILURE'],f6e3fb44e424279e,,2eb0d00dca51134f,,0,mock://candidate-pool-v1,5,1,2,0,,deterministic-simulation,False,1,20360822,0,True,abl_full,L2C_roman_numerals,1.0.0,GOAL_ACCEPTED,1.0,2026-08-22T17:22:26+0530,18,,0,2,0.1451
0,1,becdb36d32785158c62b68fc83caa4973473bb5aad598425a772d4223aed0057,3,0,experiment_v1,['TEST_FAILURE'],1997873d8227888d,,96d8325288418101,,1,mock://candidate-pool-v1,1,1,1,0,,deterministic-simulation,False,0,20360822,0,False,abl_baseline,L3A_bank_account,1.0.0,VERIFICATION_FAILURE,0.25,2026-08-22T17:22:26+0530,,,0,1,0.0641
0,1,becdb36d32785158c62b68fc83caa4973473bb5aad598425a772d4223aed0057,3,0,experiment_v1,"['TEST_FAILURE', 'TEST_FAILURE', 'TEST_FAILURE']",e7aef6b5f472e9f7,,96d8325288418101,,1,mock://candidate-pool-v1,1,1,1,0,,deterministic-simulation,False,0,20360822,0,False,abl_iterative,L3A_bank_account,1.0.0,REPAIRS_EXHAUSTED,0.5,2026-08-22T17:22:26+0530,,,0,3,0.1902
0,3,becdb36d32785158c62b68fc83caa4973473bb5aad598425a772d4223aed0057,3,0,experiment_v1,"['TEST_FAILURE', 'TEST_FAILURE']",1c392b3a7c19017d,,96d8325288418101,,0,mock://candidate-pool-v1,4,1,3,0,,deterministic-simulation,False,2,20360822,0,True,abl_beam,L3A_bank_account,1.0.0,GOAL_ACCEPTED,1.0,2026-08-22T17:22:26+0530,18,,0,3,0.192
0,3,becdb36d32785158c62b68fc83caa4973473bb5aad598425a772d4223aed0057,3,0,experiment_v1,"['TEST_FAILURE', 'TEST_FAILURE']",1c392b3a7c19017d,,96d8325288418101,,0,mock://candidate-pool-v1,5,1,3,0,,deterministic-simulation,False,2,20360822,0,True,abl_beam_backtrack,L3A_bank_account,1.0.0,GOAL_ACCEPTED,1.0,2026-08-22T17:22:26+0530,18,,0,3,0.1894
0,3,becdb36d32785158c62b68fc83caa4973473bb5aad598425a772d4223aed0057,3,0,experiment_v1,"['TEST_FAILURE', 'TEST_FAILURE']",1c392b3a7c19017d,,96d8325288418101,,0,mock://candidate-pool-v1,6,1,3,0,,deterministic-simulation,False,2,20360822,0,True,abl_full,L3A_bank_account,1.0.0,GOAL_ACCEPTED,1.0,2026-08-22T17:22:26+0530,18,,0,3,0.181
0,1,becdb36d32785158c62b68fc83caa4973473bb5aad598425a772d4223aed0057,3,0,experiment_v1,['TEST_FAILURE'],ed8a5e226099f252,,4391fd0903bff667,,1,mock://candidate-pool-v1,1,1,1,0,,deterministic-simulation,False,0,20360822,0,False,abl_baseline,L3B_lru_cache,1.0.0,VERIFICATION_FAILURE,0.3333333333333333,2026-08-22T17:22:26+0530,,,0,1,0.0647
0,1,becdb36d32785158c62b68fc83caa4973473bb5aad598425a772d4223aed0057,3,0,experiment_v1,"['TEST_FAILURE', 'TEST_FAILURE', 'TEST_FAILURE']",56c3bf0a1e63c937,,4391fd0903bff667,,1,mock://candidate-pool-v1,1,1,1,0,,deterministic-simulation,False,0,20360822,0,False,abl_iterative,L3B_lru_cache,1.0.0,REPAIRS_EXHAUSTED,0.3333333333333333,2026-08-22T17:22:27+0530,,,0,3,0.1922
0,3,becdb36d32785158c62b68fc83caa4973473bb5aad598425a772d4223aed0057,3,0,experiment_v1,"['TEST_FAILURE', 'TEST_FAILURE']",fae8f07a9f357d0e,,4391fd0903bff667,,0,mock://candidate-pool-v1,4,1,3,0,,deterministic-simulation,False,2,20360822,0,True,abl_beam,L3B_lru_cache,1.0.0,GOAL_ACCEPTED,1.0,2026-08-22T17:22:27+0530,18,,0,3,0.183
0,3,becdb36d32785158c62b68fc83caa4973473bb5aad598425a772d4223aed0057,3,0,experiment_v1,"['TEST_FAILURE', 'TEST_FAILURE']",fae8f07a9f357d0e,,4391fd0903bff667,,0,mock://candidate-pool-v1,5,1,3,0,,deterministic-simulation,False,2,20360822,0,True,abl_beam_backtrack,L3B_lru_cache,1.0.0,GOAL_ACCEPTED,1.0,2026-08-22T17:22:27+0530,18,,0,3,0.1946
0,3,becdb36d32785158c62b68fc83caa4973473bb5aad598425a772d4223aed0057,3,0,experiment_v1,"['TEST_FAILURE', 'TEST_FAILURE']",fae8f07a9f357d0e,,4391fd0903bff667,,0,mock://candidate-pool-v1,6,1,3,0,,deterministic-simulation,False,2,20360822,0,True,abl_full,L3B_lru_cache,1.0.0,GOAL_ACCEPTED,1.0,2026-08-22T17:22:27+0530,18,,0,3,0.191
0,1,becdb36d32785158c62b68fc83caa4973473bb5aad598425a772d4223aed0057,3,0,experiment_v1,['TEST_FAILURE'],f5b2a0b59b2feb71,,a0a93b79bfe5f03b,,1,mock://candidate-pool-v1,1,1,1,0,,deterministic-simulation,False,0,20360822,0,False,abl_baseline,L3C_min_stack,1.0.0,VERIFICATION_FAILURE,0.25,2026-08-22T17:22:27+0530,,,0,1,0.2157
0,1,becdb36d32785158c62b68fc83caa4973473bb5aad598425a772d4223aed0057,3,0,experiment_v1,"['TEST_FAILURE', 'TEST_FAILURE', 'TEST_FAILURE']",e21539f02cee8abb,,a0a93b79bfe5f03b,,1,mock://candidate-pool-v1,1,1,1,0,,deterministic-simulation,False,0,20360822,0,False,abl_iterative,L3C_min_stack,1.0.0,REPAIRS_EXHAUSTED,0.75,2026-08-22T17:22:28+0530,,,0,3,0.6403
0,3,becdb36d32785158c62b68fc83caa4973473bb5aad598425a772d4223aed0057,3,0,experiment_v1,"['TEST_FAILURE', 'TEST_FAILURE']",d5177d9b6e903abb,,a0a93b79bfe5f03b,,0,mock://candidate-pool-v1,4,1,3,0,,deterministic-simulation,False,2,20360822,0,True,abl_beam,L3C_min_stack,1.0.0,GOAL_ACCEPTED,1.0,2026-08-22T17:22:29+0530,18,,0,3,0.639
0,3,becdb36d32785158c62b68fc83caa4973473bb5aad598425a772d4223aed0057,3,0,experiment_v1,"['TEST_FAILURE', 'TEST_FAILURE']",d5177d9b6e903abb,,a0a93b79bfe5f03b,,0,mock://candidate-pool-v1,5,1,3,0,,deterministic-simulation,False,2,20360822,0,True,abl_beam_backtrack,L3C_min_stack,1.0.0,GOAL_ACCEPTED,1.0,2026-08-22T17:22:29+0530,18,,0,3,0.6616
0,3,becdb36d32785158c62b68fc83caa4973473bb5aad598425a772d4223aed0057,3,0,experiment_v1,"['TEST_FAILURE', 'TEST_FAILURE']",d5177d9b6e903abb,,a0a93b79bfe5f03b,,0,mock://candidate-pool-v1,6,1,3,0,,deterministic-simulation,False,2,20360822,0,True,abl_full,L3C_min_stack,1.0.0,GOAL_ACCEPTED,1.0,2026-08-22T17:22:30+0530,18,,0,3,0.6411
0,1,becdb36d32785158c62b68fc83caa4973473bb5aad598425a772d4223aed0057,4,0,experiment_v1,['TEST_FAILURE'],210a268832512d60,,b8bd1ba8005c62b3,,1,mock://candidate-pool-v1,1,1,1,0,,deterministic-simulation,False,0,20360822,0,False,abl_baseline,L4A_csv_module,1.0.0,VERIFICATION_FAILURE,0.3333333333333333,2026-08-22T17:22:30+0530,,,0,1,0.0634
0,1,becdb36d32785158c62b68fc83caa4973473bb5aad598425a772d4223aed0057,4,0,experiment_v1,"['TEST_FAILURE', 'TEST_FAILURE']",5f5122dbfd5b78e2,,b8bd1ba8005c62b3,,1,mock://candidate-pool-v1,1,1,1,0,,deterministic-simulation,False,0,20360822,0,True,abl_iterative,L4A_csv_module,1.0.0,SUCCESS,1.0,2026-08-22T17:22:30+0530,,,0,3,0.176
0,2,becdb36d32785158c62b68fc83caa4973473bb5aad598425a772d4223aed0057,4,0,experiment_v1,['TEST_FAILURE'],5f5122dbfd5b78e2,,b8bd1ba8005c62b3,,0,mock://candidate-pool-v1,3,1,2,0,,deterministic-simulation,False,1,20360822,0,True,abl_beam,L4A_csv_module,1.0.0,GOAL_ACCEPTED,1.0,2026-08-22T17:22:30+0530,18,,0,2,0.1165
0,2,becdb36d32785158c62b68fc83caa4973473bb5aad598425a772d4223aed0057,4,0,experiment_v1,['TEST_FAILURE'],5f5122dbfd5b78e2,,b8bd1ba8005c62b3,,0,mock://candidate-pool-v1,4,1,2,0,,deterministic-simulation,False,1,20360822,0,True,abl_beam_backtrack,L4A_csv_module,1.0.0,GOAL_ACCEPTED,1.0,2026-08-22T17:22:31+0530,18,,0,2,0.1258
0,2,becdb36d32785158c62b68fc83caa4973473bb5aad598425a772d4223aed0057,4,0,experiment_v1,['TEST_FAILURE'],5f5122dbfd5b78e2,,b8bd1ba8005c62b3,,0,mock://candidate-pool-v1,5,1,2,0,,deterministic-simulation,False,1,20360822,0,True,abl_full,L4A_csv_module,1.0.0,GOAL_ACCEPTED,1.0,2026-08-22T17:22:31+0530,18,,0,2,0.1161
0,1,becdb36d32785158c62b68fc83caa4973473bb5aad598425a772d4223aed0057,1,0,experiment_v1,['TEST_FAILURE'],54e57aef9809f69e,,3f85da65a1907651,,1,mock://candidate-pool-v1,1,1,1,0,,deterministic-simulation,False,0,20361799,0,False,abl_baseline,L1A_reverse_string,1.0.0,VERIFICATION_FAILURE,0.0,2026-08-22T17:22:31+0530,,,1,1,0.0639
0,1,becdb36d32785158c62b68fc83caa4973473bb5aad598425a772d4223aed0057,1,0,experiment_v1,"['TEST_FAILURE', 'TEST_FAILURE']",d9279aae2281ccea,,3f85da65a1907651,,1,mock://candidate-pool-v1,1,1,1,0,,deterministic-simulation,False,0,20361799,0,True,abl_iterative,L1A_reverse_string,1.0.0,SUCCESS,1.0,2026-08-22T17:22:31+0530,,,1,3,0.1809
0,2,becdb36d32785158c62b68fc83caa4973473bb5aad598425a772d4223aed0057,1,0,experiment_v1,['TEST_FAILURE'],d9279aae2281ccea,,3f85da65a1907651,,0,mock://candidate-pool-v1,3,1,2,0,,deterministic-simulation,False,1,20361799,0,True,abl_beam,L1A_reverse_string,1.0.0,GOAL_ACCEPTED,1.0,2026-08-22T17:22:31+0530,18,,1,2,0.1169
0,2,becdb36d32785158c62b68fc83caa4973473bb5aad598425a772d4223aed0057,1,0,experiment_v1,['TEST_FAILURE'],d9279aae2281ccea,,3f85da65a1907651,,0,mock://candidate-pool-v1,4,1,2,0,,deterministic-simulation,False,1,20361799,0,True,abl_beam_backtrack,L1A_reverse_string,1.0.0,GOAL_ACCEPTED,1.0,2026-08-22T17:22:31+0530,18,,1,2,0.127
0,2,becdb36d32785158c62b68fc83caa4973473bb5aad598425a772d4223aed0057,1,0,experiment_v1,['TEST_FAILURE'],d9279aae2281ccea,,3f85da65a1907651,,0,mock://candidate-pool-v1,5,1,2,0,,deterministic-simulation,False,1,20361799,0,True,abl_full,L1A_reverse_string,1.0.0,GOAL_ACCEPTED,1.0,2026-08-22T17:22:31+0530,18,,1,2,0.1116
0,1,becdb36d32785158c62b68fc83caa4973473bb5aad598425a772d4223aed0057,1,0,experiment_v1,[],0e4cfe5715edf079,,7348aca2ab070c77,,1,mock://candidate-pool-v1,1,1,1,0,,deterministic-simulation,False,0,20361799,0,True,abl_baseline,L1B_palindrome_number,1.0.0,SUCCESS,1.0,2026-08-22T17:22:31+0530,,,1,1,0.0609
0,1,becdb36d32785158c62b68fc83caa4973473bb5aad598425a772d4223aed0057,1,0,experiment_v1,[],0e4cfe5715edf079,,7348aca2ab070c77,,1,mock://candidate-pool-v1,1,1,1,0,,deterministic-simulation,False,0,20361799,0,True,abl_iterative,L1B_palindrome_number,1.0.0,SUCCESS,1.0,2026-08-22T17:22:31+0530,,,1,1,0.0567
0,1,becdb36d32785158c62b68fc83caa4973473bb5aad598425a772d4223aed0057,1,0,experiment_v1,[],0e4cfe5715edf079,,7348aca2ab070c77,,0,mock://candidate-pool-v1,2,1,1,0,,deterministic-simulation,False,0,20361799,0,True,abl_beam,L1B_palindrome_number,1.0.0,GOAL_ACCEPTED,1.0,2026-08-22T17:22:31+0530,18,,1,1,0.0542
0,1,becdb36d32785158c62b68fc83caa4973473bb5aad598425a772d4223aed0057,1,0,experiment_v1,[],0e4cfe5715edf079,,7348aca2ab070c77,,0,mock://candidate-pool-v1,3,1,1,0,,deterministic-simulation,False,0,20361799,0,True,abl_beam_backtrack,L1B_palindrome_number,1.0.0,GOAL_ACCEPTED,1.0,2026-08-22T17:22:32+0530,18,,1,1,0.0571
0,1,becdb36d32785158c62b68fc83caa4973473bb5aad598425a772d4223aed0057,1,0,experiment_v1,[],0e4cfe5715edf079,,7348aca2ab070c77,,0,mock://candidate-pool-v1,4,1,1,0,,deterministic-simulation,False,0,20361799,0,True,abl_full,L1B_palindrome_number,1.0.0,GOAL_ACCEPTED,1.0,2026-08-22T17:22:32+0530,18,,1,1,0.0576
0,1,becdb36d32785158c62b68fc83caa4973473bb5aad598425a772d4223aed0057,2,0,experiment_v1,['TEST_FAILURE'],4631de05a5d25d89,,e4187e2574c583c2,,1,mock://candidate-pool-v1,1,1,1,0,,deterministic-simulation,False,0,20361799,0,False,abl_baseline,L2A_binary_search,1.0.0,VERIFICATION_FAILURE,0.8,2026-08-22T17:22:32+0530,,,1,1,0.0603
0,1,becdb36d32785158c62b68fc83caa4973473bb5aad598425a772d4223aed0057,2,0,experiment_v1,"['TEST_FAILURE', 'TEST_FAILURE']",772e8de7afa30e71,,e4187e2574c583c2,,1,mock://candidate-pool-v1,1,1,1,0,,deterministic-simulation,False,0,20361799,0,True,abl_iterative,L2A_binary_search,1.0.0,SUCCESS,1.0,2026-08-22T17:22:32+0530,,,1,3,0.1869
0,2,becdb36d32785158c62b68fc83caa4973473bb5aad598425a772d4223aed0057,2,0,experiment_v1,['TEST_FAILURE'],772e8de7afa30e71,,e4187e2574c583c2,,0,mock://candidate-pool-v1,3,1,2,0,,deterministic-simulation,False,1,20361799,0,True,abl_beam,L2A_binary_search,1.0.0,GOAL_ACCEPTED,1.0,2026-08-22T17:22:32+0530,18,,1,2,0.1176
0,2,becdb36d32785158c62b68fc83caa4973473bb5aad598425a772d4223aed0057,2,0,experiment_v1,['TEST_FAILURE'],772e8de7afa30e71,,e4187e2574c583c2,,0,mock://candidate-pool-v1,3,1,2,0,,deterministic-simulation,False,1,20361799,0,True,abl_beam_backtrack,L2A_binary_search,1.0.0,GOAL_ACCEPTED,1.0,2026-08-22T17:22:32+0530,18,,1,3,0.1756
0,2,becdb36d32785158c62b68fc83caa4973473bb5aad598425a772d4223aed0057,2,0,experiment_v1,['TEST_FAILURE'],772e8de7afa30e71,,e4187e2574c583c2,,0,mock://candidate-pool-v1,4,1,2,0,,deterministic-simulation,False,1,20361799,0,True,abl_full,L2A_binary_search,1.0.0,GOAL_ACCEPTED,1.0,2026-08-22T17:22:32+0530,18,,1,3,0.169
0,1,becdb36d32785158c62b68fc83caa4973473bb5aad598425a772d4223aed0057,2,0,experiment_v1,['TEST_FAILURE'],fc6b6803b63e04a6,,8953b305f1ff1343,,1,mock://candidate-pool-v1,1,1,1,0,,deterministic-simulation,False,0,20361799,0,False,abl_baseline,L2B_fibonacci,1.0.0,VERIFICATION_FAILURE,0.0,2026-08-22T17:22:32+0530,,,1,1,0.0657
0,1,becdb36d32785158c62b68fc83caa4973473bb5aad598425a772d4223aed0057,2,0,experiment_v1,"['TEST_FAILURE', 'TEST_FAILURE']",bf6cba902407bfd6,,8953b305f1ff1343,,1,mock://candidate-pool-v1,1,1,1,0,,deterministic-simulation,False,0,20361799,0,True,abl_iterative,L2B_fibonacci,1.0.0,SUCCESS,1.0,2026-08-22T17:22:33+0530,,,1,3,0.1806
0,2,becdb36d32785158c62b68fc83caa4973473bb5aad598425a772d4223aed0057,2,0,experiment_v1,['TEST_FAILURE'],bf6cba902407bfd6,,8953b305f1ff1343,,0,mock://candidate-pool-v1,3,1,2,0,,deterministic-simulation,False,1,20361799,0,True,abl_beam,L2B_fibonacci,1.0.0,GOAL_ACCEPTED,1.0,2026-08-22T17:22:33+0530,18,,1,2,0.1228
0,2,becdb36d32785158c62b68fc83caa4973473bb5aad598425a772d4223aed0057,2,0,experiment_v1,['TEST_FAILURE'],bf6cba902407bfd6,,8953b305f1ff1343,,0,mock://candidate-pool-v1,4,1,2,0,,deterministic-simulation,False,1,20361799,0,True,abl_beam_backtrack,L2B_fibonacci,1.0.0,GOAL_ACCEPTED,1.0,2026-08-22T17:22:33+0530,18,,1,2,0.1265
0,2,becdb36d32785158c62b68fc83caa4973473bb5aad598425a772d4223aed0057,2,0,experiment_v1,['TEST_FAILURE'],bf6cba902407bfd6,,8953b305f1ff1343,,0,mock://candidate-pool-v1,5,1,2,0,,deterministic-simulation,False,1,20361799,0,True,abl_full,L2B_fibonacci,1.0.0,GOAL_ACCEPTED,1.0,2026-08-22T17:22:33+0530,18,,1,2,0.1162
0,1,becdb36d32785158c62b68fc83caa4973473bb5aad598425a772d4223aed0057,2,0,experiment_v1,['TEST_FAILURE'],71304e87ce8817fb,,2eb0d00dca51134f,,1,mock://candidate-pool-v1,1,1,1,0,,deterministic-simulation,False,0,20361799,0,False,abl_baseline,L2C_roman_numerals,1.0.0,VERIFICATION_FAILURE,0.5,2026-08-22T17:22:33+0530,,,1,1,0.0662
0,1,becdb36d32785158c62b68fc83caa4973473bb5aad598425a772d4223aed0057,2,0,experiment_v1,"['TEST_FAILURE', 'TEST_FAILURE']",f3035f25fcf50163,,2eb0d00dca51134f,,1,mock://candidate-pool-v1,1,1,1,0,,deterministic-simulation,False,0,20361799,0,True,abl_iterative,L2C_roman_numerals,1.0.0,SUCCESS,1.0,2026-08-22T17:22:33+0530,,,1,3,0.1896
0,2,becdb36d32785158c62b68fc83caa4973473bb5aad598425a772d4223aed0057,2,0,experiment_v1,['TEST_FAILURE'],f3035f25fcf50163,,2eb0d00dca51134f,,0,mock://candidate-pool-v1,3,1,2,0,,deterministic-simulation,False,1,20361799,0,True,abl_beam,L2C_roman_numerals,1.0.0,GOAL_ACCEPTED,1.0,2026-08-22T17:22:33+0530,18,,1,2,0.1123
0,2,becdb36d32785158c62b68fc83caa4973473bb5aad598425a772d4223aed0057,2,0,experiment_v1,['TEST_FAILURE'],f3035f25fcf50163,,2eb0d00dca51134f,,0,mock://candidate-pool-v1,4,1,2,0,,deterministic-simulation,False,1,20361799,0,True,abl_beam_backtrack,L2C_roman_numerals,1.0.0,GOAL_ACCEPTED,1.0,2026-08-22T17:22:33+0530,18,,1,2,0.1232
0,2,becdb36d32785158c62b68fc83caa4973473bb5aad598425a772d4223aed0057,2,0,experiment_v1,['TEST_FAILURE'],f3035f25fcf50163,,2eb0d00dca51134f,,0,mock://candidate-pool-v1,5,1,2,0,,deterministic-simulation,False,1,20361799,0,True,abl_full,L2C_roman_numerals,1.0.0,GOAL_ACCEPTED,1.0,2026-08-22T17:22:34+0530,18,,1,2,0.1121
0,1,becdb36d32785158c62b68fc83caa4973473bb5aad598425a772d4223aed0057,3,0,experiment_v1,['TEST_FAILURE'],1997873d8227888d,,96d8325288418101,,1,mock://candidate-pool-v1,1,1,1,0,,deterministic-simulation,False,0,20361799,0,False,abl_baseline,L3A_bank_account,1.0.0,VERIFICATION_FAILURE,0.25,2026-08-22T17:22:34+0530,,,1,1,0.0684
0,1,becdb36d32785158c62b68fc83caa4973473bb5aad598425a772d4223aed0057,3,0,experiment_v1,"['TEST_FAILURE', 'TEST_FAILURE']",1c392b3a7c19017d,,96d8325288418101,,1,mock://candidate-pool-v1,1,1,1,0,,deterministic-simulation,False,0,20361799,0,True,abl_iterative,L3A_bank_account,1.0.0,SUCCESS,1.0,2026-08-22T17:22:34+0530,,,1,3,0.1807
0,2,becdb36d32785158c62b68fc83caa4973473bb5aad598425a772d4223aed0057,3,0,experiment_v1,['TEST_FAILURE'],1c392b3a7c19017d,,96d8325288418101,,0,mock://candidate-pool-v1,3,1,2,0,,deterministic-simulation,False,1,20361799,0,True,abl_beam,L3A_bank_account,1.0.0,GOAL_ACCEPTED,1.0,2026-08-22T17:22:34+0530,18,,1,2,0.1147
0,2,becdb36d32785158c62b68fc83caa4973473bb5aad598425a772d4223aed0057,3,0,experiment_v1,['TEST_FAILURE'],1c392b3a7c19017d,,96d8325288418101,,0,mock://candidate-pool-v1,4,1,2,0,,deterministic-simulation,False,1,20361799,0,True,abl_beam_backtrack,L3A_bank_account,1.0.0,GOAL_ACCEPTED,1.0,2026-08-22T17:22:34+0530,18,,1,2,0.1216
0,2,becdb36d32785158c62b68fc83caa4973473bb5aad598425a772d4223aed0057,3,0,experiment_v1,['TEST_FAILURE'],1c392b3a7c19017d,,96d8325288418101,,0,mock://candidate-pool-v1,5,1,2,0,,deterministic-simulation,False,1,20361799,0,True,abl_full,L3A_bank_account,1.0.0,GOAL_ACCEPTED,1.0,2026-08-22T17:22:34+0530,18,,1,2,0.1124
0,1,becdb36d32785158c62b68fc83caa4973473bb5aad598425a772d4223aed0057,3,0,experiment_v1,['TEST_FAILURE'],ed8a5e226099f252,,4391fd0903bff667,,1,mock://candidate-pool-v1,1,1,1,0,,deterministic-simulation,False,0,20361799,0,False,abl_baseline,L3B_lru_cache,1.0.0,VERIFICATION_FAILURE,0.3333333333333333,2026-08-22T17:22:34+0530,,,1,1,0.0663
0,1,becdb36d32785158c62b68fc83caa4973473bb5aad598425a772d4223aed0057,3,0,experiment_v1,"['TEST_FAILURE', 'TEST_FAILURE']",fae8f07a9f357d0e,,4391fd0903bff667,,1,mock://candidate-pool-v1,1,1,1,0,,deterministic-simulation,False,0,20361799,0,True,abl_iterative,L3B_lru_cache,1.0.0,SUCCESS,1.0,2026-08-22T17:22:34+0530,,,1,3,0.1795
0,2,becdb36d32785158c62b68fc83caa4973473bb5aad598425a772d4223aed0057,3,0,experiment_v1,['TEST_FAILURE'],fae8f07a9f357d0e,,4391fd0903bff667,,0,mock://candidate-pool-v1,3,1,2,0,,deterministic-simulation,False,1,20361799,0,True,abl_beam,L3B_lru_cache,1.0.0,GOAL_ACCEPTED,1.0,2026-08-22T17:22:35+0530,18,,1,2,0.1148
0,2,becdb36d32785158c62b68fc83caa4973473bb5aad598425a772d4223aed0057,3,0,experiment_v1,['TEST_FAILURE'],fae8f07a9f357d0e,,4391fd0903bff667,,0,mock://candidate-pool-v1,4,1,2,0,,deterministic-simulation,False,1,20361799,0,True,abl_beam_backtrack,L3B_lru_cache,1.0.0,GOAL_ACCEPTED,1.0,2026-08-22T17:22:35+0530,18,,1,2,0.1286
0,2,becdb36d32785158c62b68fc83caa4973473bb5aad598425a772d4223aed0057,3,0,experiment_v1,['TEST_FAILURE'],fae8f07a9f357d0e,,4391fd0903bff667,,0,mock://candidate-pool-v1,5,1,2,0,,deterministic-simulation,False,1,20361799,0,True,abl_full,L3B_lru_cache,1.0.0,GOAL_ACCEPTED,1.0,2026-08-22T17:22:35+0530,18,,1,2,0.1222
0,1,becdb36d32785158c62b68fc83caa4973473bb5aad598425a772d4223aed0057,3,0,experiment_v1,['TEST_FAILURE'],f5b2a0b59b2feb71,,a0a93b79bfe5f03b,,1,mock://candidate-pool-v1,1,1,1,0,,deterministic-simulation,False,0,20361799,0,False,abl_baseline,L3C_min_stack,1.0.0,VERIFICATION_FAILURE,0.25,2026-08-22T17:22:35+0530,,,1,1,0.2223
0,1,becdb36d32785158c62b68fc83caa4973473bb5aad598425a772d4223aed0057,3,0,experiment_v1,"['TEST_FAILURE', 'TEST_FAILURE']",d5177d9b6e903abb,,a0a93b79bfe5f03b,,1,mock://candidate-pool-v1,1,1,1,0,,deterministic-simulation,False,0,20361799,0,True,abl_iterative,L3C_min_stack,1.0.0,SUCCESS,1.0,2026-08-22T17:22:36+0530,,,1,3,0.6397
0,2,becdb36d32785158c62b68fc83caa4973473bb5aad598425a772d4223aed0057,3,0,experiment_v1,['TEST_FAILURE'],d5177d9b6e903abb,,a0a93b79bfe5f03b,,0,mock://candidate-pool-v1,3,1,2,0,,deterministic-simulation,False,1,20361799,0,True,abl_beam,L3C_min_stack,1.0.0,GOAL_ACCEPTED,1.0,2026-08-22T17:22:36+0530,18,,1,2,0.4273
0,2,becdb36d32785158c62b68fc83caa4973473bb5aad598425a772d4223aed0057,3,0,experiment_v1,['TEST_FAILURE'],d5177d9b6e903abb,,a0a93b79bfe5f03b,,0,mock://candidate-pool-v1,4,1,2,0,,deterministic-simulation,False,1,20361799,0,True,abl_beam_backtrack,L3C_min_stack,1.0.0,GOAL_ACCEPTED,1.0,2026-08-22T17:22:36+0530,18,,1,2,0.4255
0,2,becdb36d32785158c62b68fc83caa4973473bb5aad598425a772d4223aed0057,3,0,experiment_v1,['TEST_FAILURE'],d5177d9b6e903abb,,a0a93b79bfe5f03b,,0,mock://candidate-pool-v1,5,1,2,0,,deterministic-simulation,False,1,20361799,0,True,abl_full,L3C_min_stack,1.0.0,GOAL_ACCEPTED,1.0,2026-08-22T17:22:37+0530,18,,1,2,0.4346
0,1,becdb36d32785158c62b68fc83caa4973473bb5aad598425a772d4223aed0057,4,0,experiment_v1,['TEST_FAILURE'],210a268832512d60,,b8bd1ba8005c62b3,,1,mock://candidate-pool-v1,1,1,1,0,,deterministic-simulation,False,0,20361799,0,False,abl_baseline,L4A_csv_module,1.0.0,VERIFICATION_FAILURE,0.3333333333333333,2026-08-22T17:22:37+0530,,,1,1,0.0624
0,1,becdb36d32785158c62b68fc83caa4973473bb5aad598425a772d4223aed0057,4,0,experiment_v1,"['TEST_FAILURE', 'TEST_FAILURE']",3f881ee87b066145,,b8bd1ba8005c62b3,,1,mock://candidate-pool-v1,1,1,1,0,,deterministic-simulation,False,0,20361799,0,True,abl_iterative,L4A_csv_module,1.0.0,SUCCESS,1.0,2026-08-22T17:22:37+0530,,,1,3,0.1779
0,2,becdb36d32785158c62b68fc83caa4973473bb5aad598425a772d4223aed0057,4,0,experiment_v1,['TEST_FAILURE'],3f881ee87b066145,,b8bd1ba8005c62b3,,0,mock://candidate-pool-v1,3,1,2,0,,deterministic-simulation,False,1,20361799,0,True,abl_beam,L4A_csv_module,1.0.0,GOAL_ACCEPTED,1.0,2026-08-22T17:22:37+0530,18,,1,2,0.1202
0,2,becdb36d32785158c62b68fc83caa4973473bb5aad598425a772d4223aed0057,4,0,experiment_v1,['TEST_FAILURE'],3f881ee87b066145,,b8bd1ba8005c62b3,,0,mock://candidate-pool-v1,4,1,2,0,,deterministic-simulation,False,1,20361799,0,True,abl_beam_backtrack,L4A_csv_module,1.0.0,GOAL_ACCEPTED,1.0,2026-08-22T17:22:37+0530,18,,1,2,0.1215
0,2,becdb36d32785158c62b68fc83caa4973473bb5aad598425a772d4223aed0057,4,0,experiment_v1,['TEST_FAILURE'],3f881ee87b066145,,b8bd1ba8005c62b3,,0,mock://candidate-pool-v1,5,1,2,0,,deterministic-simulation,False,1,20361799,0,True,abl_full,L4A_csv_module,1.0.0,GOAL_ACCEPTED,1.0,2026-08-22T17:22:38+0530,18,,1,2,0.1155
0,1,becdb36d32785158c62b68fc83caa4973473bb5aad598425a772d4223aed0057,1,0,experiment_v1,['TEST_FAILURE'],54e57aef9809f69e,,3f85da65a1907651,,1,mock://candidate-pool-v1,1,1,1,0,,deterministic-simulation,False,0,20362776,0,False,abl_baseline,L1A_reverse_string,1.0.0,VERIFICATION_FAILURE,0.0,2026-08-22T17:22:38+0530,,,2,1,0.0697
0,1,becdb36d32785158c62b68fc83caa4973473bb5aad598425a772d4223aed0057,1,0,experiment_v1,"['TEST_FAILURE', 'TEST_FAILURE']",d9279aae2281ccea,,3f85da65a1907651,,1,mock://candidate-pool-v1,1,1,1,0,,deterministic-simulation,False,0,20362776,0,True,abl_iterative,L1A_reverse_string,1.0.0,SUCCESS,1.0,2026-08-22T17:22:38+0530,,,2,3,0.185
0,2,becdb36d32785158c62b68fc83caa4973473bb5aad598425a772d4223aed0057,1,0,experiment_v1,['TEST_FAILURE'],d9279aae2281ccea,,3f85da65a1907651,,0,mock://candidate-pool-v1,3,1,2,0,,deterministic-simulation,False,1,20362776,0,True,abl_beam,L1A_reverse_string,1.0.0,GOAL_ACCEPTED,1.0,2026-08-22T17:22:38+0530,18,,2,2,0.1206
0,2,becdb36d32785158c62b68fc83caa4973473bb5aad598425a772d4223aed0057,1,0,experiment_v1,['TEST_FAILURE'],d9279aae2281ccea,,3f85da65a1907651,,0,mock://candidate-pool-v1,4,1,2,0,,deterministic-simulation,False,1,20362776,0,True,abl_beam_backtrack,L1A_reverse_string,1.0.0,GOAL_ACCEPTED,1.0,2026-08-22T17:22:38+0530,18,,2,2,0.1238
0,2,becdb36d32785158c62b68fc83caa4973473bb5aad598425a772d4223aed0057,1,0,experiment_v1,['TEST_FAILURE'],d9279aae2281ccea,,3f85da65a1907651,,0,mock://candidate-pool-v1,5,1,2,0,,deterministic-simulation,False,1,20362776,0,True,abl_full,L1A_reverse_string,1.0.0,GOAL_ACCEPTED,1.0,2026-08-22T17:22:38+0530,18,,2,2,0.1311
0,1,becdb36d32785158c62b68fc83caa4973473bb5aad598425a772d4223aed0057,1,0,experiment_v1,[],0e4cfe5715edf079,,7348aca2ab070c77,,1,mock://candidate-pool-v1,1,1,1,0,,deterministic-simulation,False,0,20362776,0,True,abl_baseline,L1B_palindrome_number,1.0.0,SUCCESS,1.0,2026-08-22T17:22:38+0530,,,2,1,0.0617
0,1,becdb36d32785158c62b68fc83caa4973473bb5aad598425a772d4223aed0057,1,0,experiment_v1,[],0e4cfe5715edf079,,7348aca2ab070c77,,1,mock://candidate-pool-v1,1,1,1,0,,deterministic-simulation,False,0,20362776,0,True,abl_iterative,L1B_palindrome_number,1.0.0,SUCCESS,1.0,2026-08-22T17:22:38+0530,,,2,1,0.0538
0,1,becdb36d32785158c62b68fc83caa4973473bb5aad598425a772d4223aed0057,1,0,experiment_v1,[],0e4cfe5715edf079,,7348aca2ab070c77,,0,mock://candidate-pool-v1,2,1,1,0,,deterministic-simulation,False,0,20362776,0,True,abl_beam,L1B_palindrome_number,1.0.0,GOAL_ACCEPTED,1.0,2026-08-22T17:22:38+0530,18,,2,1,0.0559
0,1,becdb36d32785158c62b68fc83caa4973473bb5aad598425a772d4223aed0057,1,0,experiment_v1,[],0e4cfe5715edf079,,7348aca2ab070c77,,0,mock://candidate-pool-v1,3,1,1,0,,deterministic-simulation,False,0,20362776,0,True,abl_beam_backtrack,L1B_palindrome_number,1.0.0,GOAL_ACCEPTED,1.0,2026-08-22T17:22:38+0530,18,,2,1,0.0628
0,1,becdb36d32785158c62b68fc83caa4973473bb5aad598425a772d4223aed0057,1,0,experiment_v1,[],0e4cfe5715edf079,,7348aca2ab070c77,,0,mock://candidate-pool-v1,4,1,1,0,,deterministic-simulation,False,0,20362776,0,True,abl_full,L1B_palindrome_number,1.0.0,GOAL_ACCEPTED,1.0,2026-08-22T17:22:38+0530,18,,2,1,0.0541
0,1,becdb36d32785158c62b68fc83caa4973473bb5aad598425a772d4223aed0057,2,0,experiment_v1,['TEST_FAILURE'],4631de05a5d25d89,,e4187e2574c583c2,,1,mock://candidate-pool-v1,1,1,1,0,,deterministic-simulation,False,0,20362776,0,False,abl_baseline,L2A_binary_search,1.0.0,VERIFICATION_FAILURE,0.8,2026-08-22T17:22:39+0530,,,2,1,0.0585
0,1,becdb36d32785158c62b68fc83caa4973473bb5aad598425a772d4223aed0057,2,0,experiment_v1,"['TEST_FAILURE', 'TEST_FAILURE']",772e8de7afa30e71,,e4187e2574c583c2,,1,mock://candidate-pool-v1,1,1,1,0,,deterministic-simulation,False,0,20362776,0,True,abl_iterative,L2A_binary_search,1.0.0,SUCCESS,1.0,2026-08-22T17:22:39+0530,,,2,3,0.1842
0,2,becdb36d32785158c62b68fc83caa4973473bb5aad598425a772d4223aed0057,2,0,experiment_v1,['TEST_FAILURE'],772e8de7afa30e71,,e4187e2574c583c2,,0,mock://candidate-pool-v1,3,1,2,0,,deterministic-simulation,False,1,20362776,0,True,abl_beam,L2A_binary_search,1.0.0,GOAL_ACCEPTED,1.0,2026-08-22T17:22:39+0530,18,,2,2,0.1207
0,2,becdb36d32785158c62b68fc83caa4973473bb5aad598425a772d4223aed0057,2,0,experiment_v1,['TEST_FAILURE'],772e8de7afa30e71,,e4187e2574c583c2,,0,mock://candidate-pool-v1,3,1,2,0,,deterministic-simulation,False,1,20362776,0,True,abl_beam_backtrack,L2A_binary_search,1.0.0,GOAL_ACCEPTED,1.0,2026-08-22T17:22:39+0530,18,,2,3,0.1743
0,2,becdb36d32785158c62b68fc83caa4973473bb5aad598425a772d4223aed0057,2,0,experiment_v1,['TEST_FAILURE'],772e8de7afa30e71,,e4187e2574c583c2,,0,mock://candidate-pool-v1,4,1,2,0,,deterministic-simulation,False,1,20362776,0,True,abl_full,L2A_binary_search,1.0.0,GOAL_ACCEPTED,1.0,2026-08-22T17:22:39+0530,18,,2,3,0.1729
0,1,becdb36d32785158c62b68fc83caa4973473bb5aad598425a772d4223aed0057,2,0,experiment_v1,['TEST_FAILURE'],fc6b6803b63e04a6,,8953b305f1ff1343,,1,mock://candidate-pool-v1,1,1,1,0,,deterministic-simulation,False,0,20362776,0,False,abl_baseline,L2B_fibonacci,1.0.0,VERIFICATION_FAILURE,0.0,2026-08-22T17:22:39+0530,,,2,1,0.066
0,1,becdb36d32785158c62b68fc83caa4973473bb5aad598425a772d4223aed0057,2,0,experiment_v1,"['TEST_FAILURE', 'TEST_FAILURE']",bf6cba902407bfd6,,8953b305f1ff1343,,1,mock://candidate-pool-v1,1,1,1,0,,deterministic-simulation,False,0,20362776,0,True,abl_iterative,L2B_fibonacci,1.0.0,SUCCESS,1.0,2026-08-22T17:22:39+0530,,,2,3,0.1792
0,2,becdb36d32785158c62b68fc83caa4973473bb5aad598425a772d4223aed0057,2,0,experiment_v1,['TEST_FAILURE'],bf6cba902407bfd6,,8953b305f1ff1343,,0,mock://candidate-pool-v1,3,1,2,0,,deterministic-simulation,False,1,20362776,0,True,abl_beam,L2B_fibonacci,1.0.0,GOAL_ACCEPTED,1.0,2026-08-22T17:22:40+0530,18,,2,2,0.1131
0,2,becdb36d32785158c62b68fc83caa4973473bb5aad598425a772d4223aed0057,2,0,experiment_v1,['TEST_FAILURE'],bf6cba902407bfd6,,8953b305f1ff1343,,0,mock://candidate-pool-v1,4,1,2,0,,deterministic-simulation,False,1,20362776,0,True,abl_beam_backtrack,L2B_fibonacci,1.0.0,GOAL_ACCEPTED,1.0,2026-08-22T17:22:40+0530,18,,2,2,0.1228
0,2,becdb36d32785158c62b68fc83caa4973473bb5aad598425a772d4223aed0057,2,0,experiment_v1,['TEST_FAILURE'],bf6cba902407bfd6,,8953b305f1ff1343,,0,mock://candidate-pool-v1,5,1,2,0,,deterministic-simulation,False,1,20362776,0,True,abl_full,L2B_fibonacci,1.0.0,GOAL_ACCEPTED,1.0,2026-08-22T17:22:40+0530,18,,2,2,0.1195
0,1,becdb36d32785158c62b68fc83caa4973473bb5aad598425a772d4223aed0057,2,0,experiment_v1,['TEST_FAILURE'],71304e87ce8817fb,,2eb0d00dca51134f,,1,mock://candidate-pool-v1,1,1,1,0,,deterministic-simulation,False,0,20362776,0,False,abl_baseline,L2C_roman_numerals,1.0.0,VERIFICATION_FAILURE,0.5,2026-08-22T17:22:40+0530,,,2,1,0.0644
0,1,becdb36d32785158c62b68fc83caa4973473bb5aad598425a772d4223aed0057,2,0,experiment_v1,"['TEST_FAILURE', 'TEST_FAILURE']",f3035f25fcf50163,,2eb0d00dca51134f,,1,mock://candidate-pool-v1,1,1,1,0,,deterministic-simulation,False,0,20362776,0,True,abl_iterative,L2C_roman_numerals,1.0.0,SUCCESS,1.0,2026-08-22T17:22:40+0530,,,2,3,0.1837
0,2,becdb36d32785158c62b68fc83caa4973473bb5aad598425a772d4223aed0057,2,0,experiment_v1,['TEST_FAILURE'],f3035f25fcf50163,,2eb0d00dca51134f,,0,mock://candidate-pool-v1,3,1,2,0,,deterministic-simulation,False,1,20362776,0,True,abl_beam,L2C_roman_numerals,1.0.0,GOAL_ACCEPTED,1.0,2026-08-22T17:22:40+0530,18,,2,2,0.1133
0,2,becdb36d32785158c62b68fc83caa4973473bb5aad598425a772d4223aed0057,2,0,experiment_v1,['TEST_FAILURE'],f3035f25fcf50163,,2eb0d00dca51134f,,0,mock://candidate-pool-v1,4,1,2,0,,deterministic-simulation,False,1,20362776,0,True,abl_beam_backtrack,L2C_roman_numerals,1.0.0,GOAL_ACCEPTED,1.0,2026-08-22T17:22:40+0530,18,,2,2,0.1189
0,2,becdb36d32785158c62b68fc83caa4973473bb5aad598425a772d4223aed0057,2,0,experiment_v1,['TEST_FAILURE'],f3035f25fcf50163,,2eb0d00dca51134f,,0,mock://candidate-pool-v1,5,1,2,0,,deterministic-simulation,False,1,20362776,0,True,abl_full,L2C_roman_numerals,1.0.0,GOAL_ACCEPTED,1.0,2026-08-22T17:22:40+0530,18,,2,2,0.1153
0,1,becdb36d32785158c62b68fc83caa4973473bb5aad598425a772d4223aed0057,3,0,experiment_v1,['TEST_FAILURE'],1997873d8227888d,,96d8325288418101,,1,mock://candidate-pool-v1,1,1,1,0,,deterministic-simulation,False,0,20362776,0,False,abl_baseline,L3A_bank_account,1.0.0,VERIFICATION_FAILURE,0.25,2026-08-22T17:22:40+0530,,,2,1,0.0635
0,1,becdb36d32785158c62b68fc83caa4973473bb5aad598425a772d4223aed0057,3,0,experiment_v1,"['TEST_FAILURE', 'TEST_FAILURE']",1c392b3a7c19017d,,96d8325288418101,,1,mock://candidate-pool-v1,1,1,1,0,,deterministic-simulation,False,0,20362776,0,True,abl_iterative,L3A_bank_account,1.0.0,SUCCESS,1.0,2026-08-22T17:22:41+0530,,,2,3,0.1812
0,2,becdb36d32785158c62b68fc83caa4973473bb5aad598425a772d4223aed0057,3,0,experiment_v1,['TEST_FAILURE'],1c392b3a7c19017d,,96d8325288418101,,0,mock://candidate-pool-v1,3,1,2,0,,deterministic-simulation,False,1,20362776,0,True,abl_beam,L3A_bank_account,1.0.0,GOAL_ACCEPTED,1.0,2026-08-22T17:22:41+0530,18,,2,2,0.1205
0,2,becdb36d32785158c62b68fc83caa4973473bb5aad598425a772d4223aed0057,3,0,experiment_v1,['TEST_FAILURE'],1c392b3a7c19017d,,96d8325288418101,,0,mock://candidate-pool-v1,4,1,2,0,,deterministic-simulation,False,1,20362776,0,True,abl_beam_backtrack,L3A_bank_account,1.0.0,GOAL_ACCEPTED,1.0,2026-08-22T17:22:41+0530,18,,2,2,0.1262
0,2,becdb36d32785158c62b68fc83caa4973473bb5aad598425a772d4223aed0057,3,0,experiment_v1,['TEST_FAILURE'],1c392b3a7c19017d,,96d8325288418101,,0,mock://candidate-pool-v1,5,1,2,0,,deterministic-simulation,False,1,20362776,0,True,abl_full,L3A_bank_account,1.0.0,GOAL_ACCEPTED,1.0,2026-08-22T17:22:41+0530,18,,2,2,0.1257
0,1,becdb36d32785158c62b68fc83caa4973473bb5aad598425a772d4223aed0057,3,0,experiment_v1,['TEST_FAILURE'],ed8a5e226099f252,,4391fd0903bff667,,1,mock://candidate-pool-v1,1,1,1,0,,deterministic-simulation,False,0,20362776,0,False,abl_baseline,L3B_lru_cache,1.0.0,VERIFICATION_FAILURE,0.3333333333333333,2026-08-22T17:22:41+0530,,,2,1,0.0693
0,1,becdb36d32785158c62b68fc83caa4973473bb5aad598425a772d4223aed0057,3,0,experiment_v1,"['TEST_FAILURE', 'TEST_FAILURE']",fae8f07a9f357d0e,,4391fd0903bff667,,1,mock://candidate-pool-v1,1,1,1,0,,deterministic-simulation,False,0,20362776,0,True,abl_iterative,L3B_lru_cache,1.0.0,SUCCESS,1.0,2026-08-22T17:22:41+0530,,,2,3,0.1827
0,2,becdb36d32785158c62b68fc83caa4973473bb5aad598425a772d4223aed0057,3,0,experiment_v1,['TEST_FAILURE'],fae8f07a9f357d0e,,4391fd0903bff667,,0,mock://candidate-pool-v1,3,1,2,0,,deterministic-simulation,False,1,20362776,0,True,abl_beam,L3B_lru_cache,1.0.0,GOAL_ACCEPTED,1.0,2026-08-22T17:22:41+0530,18,,2,2,0.1175
0,2,becdb36d32785158c62b68fc83caa4973473bb5aad598425a772d4223aed0057,3,0,experiment_v1,['TEST_FAILURE'],fae8f07a9f357d0e,,4391fd0903bff667,,0,mock://candidate-pool-v1,4,1,2,0,,deterministic-simulation,False,1,20362776,0,True,abl_beam_backtrack,L3B_lru_cache,1.0.0,GOAL_ACCEPTED,1.0,2026-08-22T17:22:42+0530,18,,2,2,0.1246
0,2,becdb36d32785158c62b68fc83caa4973473bb5aad598425a772d4223aed0057,3,0,experiment_v1,['TEST_FAILURE'],fae8f07a9f357d0e,,4391fd0903bff667,,0,mock://candidate-pool-v1,5,1,2,0,,deterministic-simulation,False,1,20362776,0,True,abl_full,L3B_lru_cache,1.0.0,GOAL_ACCEPTED,1.0,2026-08-22T17:22:42+0530,18,,2,2,0.128
0,1,becdb36d32785158c62b68fc83caa4973473bb5aad598425a772d4223aed0057,3,0,experiment_v1,['TEST_FAILURE'],f5b2a0b59b2feb71,,a0a93b79bfe5f03b,,1,mock://candidate-pool-v1,1,1,1,0,,deterministic-simulation,False,0,20362776,0,False,abl_baseline,L3C_min_stack,1.0.0,VERIFICATION_FAILURE,0.25,2026-08-22T17:22:42+0530,,,2,1,0.2257
0,1,becdb36d32785158c62b68fc83caa4973473bb5aad598425a772d4223aed0057,3,0,experiment_v1,"['TEST_FAILURE', 'TEST_FAILURE']",d5177d9b6e903abb,,a0a93b79bfe5f03b,,1,mock://candidate-pool-v1,1,1,1,0,,deterministic-simulation,False,0,20362776,0,True,abl_iterative,L3C_min_stack,1.0.0,SUCCESS,1.0,2026-08-22T17:22:43+0530,,,2,3,0.6775
0,2,becdb36d32785158c62b68fc83caa4973473bb5aad598425a772d4223aed0057,3,0,experiment_v1,['TEST_FAILURE'],d5177d9b6e903abb,,a0a93b79bfe5f03b,,0,mock://candidate-pool-v1,3,1,2,0,,deterministic-simulation,False,1,20362776,0,True,abl_beam,L3C_min_stack,1.0.0,GOAL_ACCEPTED,1.0,2026-08-22T17:22:43+0530,18,,2,2,0.4394
0,2,becdb36d32785158c62b68fc83caa4973473bb5aad598425a772d4223aed0057,3,0,experiment_v1,['TEST_FAILURE'],d5177d9b6e903abb,,a0a93b79bfe5f03b,,0,mock://candidate-pool-v1,4,1,2,0,,deterministic-simulation,False,1,20362776,0,True,abl_beam_backtrack,L3C_min_stack,1.0.0,GOAL_ACCEPTED,1.0,2026-08-22T17:22:43+0530,18,,2,2,0.4251
0,2,becdb36d32785158c62b68fc83caa4973473bb5aad598425a772d4223aed0057,3,0,experiment_v1,['TEST_FAILURE'],d5177d9b6e903abb,,a0a93b79bfe5f03b,,0,mock://candidate-pool-v1,5,1,2,0,,deterministic-simulation,False,1,20362776,0,True,abl_full,L3C_min_stack,1.0.0,GOAL_ACCEPTED,1.0,2026-08-22T17:22:44+0530,18,,2,2,0.4213
0,1,becdb36d32785158c62b68fc83caa4973473bb5aad598425a772d4223aed0057,4,0,experiment_v1,['TEST_FAILURE'],210a268832512d60,,b8bd1ba8005c62b3,,1,mock://candidate-pool-v1,1,1,1,0,,deterministic-simulation,False,0,20362776,0,False,abl_baseline,L4A_csv_module,1.0.0,VERIFICATION_FAILURE,0.3333333333333333,2026-08-22T17:22:44+0530,,,2,1,0.0626
0,1,becdb36d32785158c62b68fc83caa4973473bb5aad598425a772d4223aed0057,4,0,experiment_v1,"['TEST_FAILURE', 'TEST_FAILURE']",3f881ee87b066145,,b8bd1ba8005c62b3,,1,mock://candidate-pool-v1,1,1,1,0,,deterministic-simulation,False,0,20362776,0,True,abl_iterative,L4A_csv_module,1.0.0,SUCCESS,1.0,2026-08-22T17:22:44+0530,,,2,3,0.188
0,2,becdb36d32785158c62b68fc83caa4973473bb5aad598425a772d4223aed0057,4,0,experiment_v1,['TEST_FAILURE'],3f881ee87b066145,,b8bd1ba8005c62b3,,0,mock://candidate-pool-v1,3,1,2,0,,deterministic-simulation,False,1,20362776,0,True,abl_beam,L4A_csv_module,1.0.0,GOAL_ACCEPTED,1.0,2026-08-22T17:22:44+0530,18,,2,2,0.1142
0,2,becdb36d32785158c62b68fc83caa4973473bb5aad598425a772d4223aed0057,4,0,experiment_v1,['TEST_FAILURE'],3f881ee87b066145,,b8bd1ba8005c62b3,,0,mock://candidate-pool-v1,4,1,2,0,,deterministic-simulation,False,1,20362776,0,True,abl_beam_backtrack,L4A_csv_module,1.0.0,GOAL_ACCEPTED,1.0,2026-08-22T17:22:44+0530,18,,2,2,0.1156
0,2,becdb36d32785158c62b68fc83caa4973473bb5aad598425a772d4223aed0057,4,0,experiment_v1,['TEST_FAILURE'],3f881ee87b066145,,b8bd1ba8005c62b3,,0,mock://candidate-pool-v1,5,1,2,0,,deterministic-simulation,False,1,20362776,0,True,abl_full,L4A_csv_module,1.0.0,GOAL_ACCEPTED,1.0,2026-08-22T17:22:44+0530,18,,2,2,0.1142
